backbone,layer_i,layer_j,C_i_to_j,C_j_to_i,mutual_cost,asymmetry
Llama-3.1-8B,0,1,8.438725858926773,3.9827973395586014,8.438725858926773,4.455928519368172
Llama-3.1-8B,0,2,0.44146847166121006,4.988915592432022,4.988915592432022,4.547447120770812
Llama-3.1-8B,0,3,0.3040536753833294,5.856361985206604,5.856361985206604,5.552308309823275
Llama-3.1-8B,0,4,0.2928552841767669,6.058680549263954,6.058680549263954,5.765825265087187
Llama-3.1-8B,0,5,0.3309888346120715,6.232462719082832,6.232462719082832,5.901473884470761
Llama-3.1-8B,0,6,0.367167454212904,6.389270931482315,6.389270931482315,6.022103477269411
Llama-3.1-8B,0,7,0.26740060467272997,6.540956407785416,6.540956407785416,6.273555803112686
Llama-3.1-8B,0,8,0.2245616875588894,6.245019108057022,6.245019108057022,6.020457420498133
Llama-3.1-8B,0,9,0.23099937289953232,6.37787951529026,6.37787951529026,6.146880142390728
Llama-3.1-8B,0,10,0.2215095441788435,6.538012757897377,6.538012757897377,6.3165032137185335
Llama-3.1-8B,0,11,0.25953567400574684,6.812117666006088,6.812117666006088,6.552581992000341
Llama-3.1-8B,0,12,0.23527183942496777,6.252795100212097,6.252795100212097,6.017523260787129
Llama-3.1-8B,0,13,0.26399359107017517,6.634551823139191,6.634551823139191,6.3705582320690155
Llama-3.1-8B,0,14,0.29609105084091425,6.884000927209854,6.884000927209854,6.58790987636894
Llama-3.1-8B,0,15,0.3129422115162015,7.452819585800171,7.452819585800171,7.139877374283969
Llama-3.1-8B,0,16,0.2736538928002119,6.794696271419525,6.794696271419525,6.521042378619313
Llama-3.1-8B,0,17,0.2911982527002692,6.943839758634567,6.943839758634567,6.652641505934298
Llama-3.1-8B,0,18,0.2651781355962157,6.86010417342186,6.86010417342186,6.594926037825644
Llama-3.1-8B,0,19,0.25964356400072575,6.844161719083786,6.844161719083786,6.58451815508306
Llama-3.1-8B,0,20,0.24859920423477888,6.440282016992569,6.440282016992569,6.19168281275779
Llama-3.1-8B,0,21,0.2225964330136776,6.442138612270355,6.442138612270355,6.219542179256678
Llama-3.1-8B,0,22,0.19291897863149643,6.694458335638046,6.694458335638046,6.50153935700655
Llama-3.1-8B,0,23,0.14907127479091287,6.531107544898987,6.531107544898987,6.382036270108074
Llama-3.1-8B,0,24,0.14866011124104261,6.399480700492859,6.399480700492859,6.250820589251816
Llama-3.1-8B,0,25,0.12732720281928778,6.433821439743042,6.433821439743042,6.306494236923754
Llama-3.1-8B,0,26,0.11579540651291609,6.56694370508194,6.56694370508194,6.451148298569024
Llama-3.1-8B,0,27,0.15765626821666956,6.5539591163396835,6.5539591163396835,6.396302848123014
Llama-3.1-8B,0,28,0.10371453501284122,7.072619199752808,7.072619199752808,6.968904664739966
Llama-3.1-8B,0,29,0.18255739100277424,6.6611398458480835,6.6611398458480835,6.478582454845309
Llama-3.1-8B,0,30,0.29289958998560905,7.197738409042358,7.197738409042358,6.904838819056749
Llama-3.1-8B,0,31,0.9662706106901169,9.012177079916,9.012177079916,8.045906469225883
Llama-3.1-8B,1,2,0.45837492495775223,9.406391471624374,9.406391471624374,8.948016546666622
Llama-3.1-8B,1,3,0.39802672155201435,8.788843899965286,8.788843899965286,8.390817178413272
Llama-3.1-8B,1,4,0.4133476670831442,9.223736435174942,9.223736435174942,8.810388768091798
Llama-3.1-8B,1,5,0.3902548085898161,9.659620761871338,9.659620761871338,9.269365953281522
Llama-3.1-8B,1,6,0.4536513276398182,9.40335413813591,9.40335413813591,8.949702810496092
Llama-3.1-8B,1,7,0.315445052459836,9.607633501291275,9.607633501291275,9.292188448831439
Llama-3.1-8B,1,8,0.20929247792810202,9.307654619216919,9.307654619216919,9.098362141288817
Llama-3.1-8B,1,9,0.22855334635823965,9.590867102146149,9.590867102146149,9.362313755787909
Llama-3.1-8B,1,10,0.2167329965159297,9.268376588821411,9.268376588821411,9.051643592305481
Llama-3.1-8B,1,11,0.2734413640573621,9.357778668403625,9.357778668403625,9.084337304346263
Llama-3.1-8B,1,12,0.22758107539266348,9.329375237226486,9.329375237226486,9.101794161833823
Llama-3.1-8B,1,13,0.27824368979781866,9.569690227508545,9.569690227508545,9.291446537710726
Llama-3.1-8B,1,14,0.2501221550628543,9.59687852859497,9.59687852859497,9.346756373532116
Llama-3.1-8B,1,15,0.2807029662653804,9.978056252002716,9.978056252002716,9.697353285737336
Llama-3.1-8B,1,16,0.24731201212853193,9.85252583026886,9.85252583026886,9.605213818140328
Llama-3.1-8B,1,17,0.2578147826716304,9.662360787391663,9.662360787391663,9.404546004720032
Llama-3.1-8B,1,18,0.24700191617012024,10.243135392665863,10.243135392665863,9.996133476495743
Llama-3.1-8B,1,19,0.22288572136312723,10.362118899822235,10.362118899822235,10.139233178459108
Llama-3.1-8B,1,20,0.2268773838877678,9.774437963962555,9.774437963962555,9.547560580074787
Llama-3.1-8B,1,21,0.18049140088260174,9.999391794204712,9.999391794204712,9.81890039332211
Llama-3.1-8B,1,22,0.17368827853351831,10.070816099643707,10.070816099643707,9.897127821110189
Llama-3.1-8B,1,23,0.1386950691230595,10.244806587696075,10.244806587696075,10.106111518573016
Llama-3.1-8B,1,24,0.1520754611119628,9.39094415307045,9.39094415307045,9.238868691958487
Llama-3.1-8B,1,25,0.11513366783037782,10.015827298164368,10.015827298164368,9.90069363033399
Llama-3.1-8B,1,26,0.13435775693506002,9.271603971719742,9.271603971719742,9.137246214784682
Llama-3.1-8B,1,27,0.13928066939115524,9.955056011676788,9.955056011676788,9.815775342285633
Llama-3.1-8B,1,28,0.09326993115246296,9.328012496232986,9.328012496232986,9.234742565080523
Llama-3.1-8B,1,29,0.1688582757487893,9.703284323215485,9.703284323215485,9.534426047466695
Llama-3.1-8B,1,30,0.2943467888981104,10.459386706352234,10.459386706352234,10.165039917454123
Llama-3.1-8B,1,31,0.9458718672394753,9.248337388038635,9.248337388038635,8.30246552079916
Llama-3.1-8B,2,3,0.2988331187516451,0.26343900710344315,0.2988331187516451,0.03539411164820194
Llama-3.1-8B,2,4,0.28181565180420876,0.3650004230439663,0.3650004230439663,0.08318477123975754
Llama-3.1-8B,2,5,0.3391165342181921,0.3982664793729782,0.3982664793729782,0.05914994515478611
Llama-3.1-8B,2,6,0.32819489389657974,0.5423236936330795,0.5423236936330795,0.2141287997364998
Llama-3.1-8B,2,7,0.2509930608794093,0.7001617476344109,0.7001617476344109,0.44916868675500154
Llama-3.1-8B,2,8,0.18746728543192148,0.8935068845748901,0.8935068845748901,0.7060395991429687
Llama-3.1-8B,2,9,0.19944180641323328,0.6898962631821632,0.6898962631821632,0.49045445676892996
Llama-3.1-8B,2,10,0.20342135801911354,0.9343947283923626,0.9343947283923626,0.730973370373249
Llama-3.1-8B,2,11,0.2503759153187275,0.8274332843720913,0.8274332843720913,0.5770573690533638
Llama-3.1-8B,2,12,0.20300261490046978,0.8817885741591454,0.8817885741591454,0.6787859592586756
Llama-3.1-8B,2,13,0.2469266839325428,0.8657546453177929,0.8657546453177929,0.6188279613852501
Llama-3.1-8B,2,14,0.22619948256760836,0.9244396574795246,0.9244396574795246,0.6982401749119163
Llama-3.1-8B,2,15,0.2727097850292921,0.9946910813450813,0.9946910813450813,0.7219812963157892
Llama-3.1-8B,2,16,0.24662518501281738,0.8830883465707302,0.8830883465707302,0.6364631615579128
Llama-3.1-8B,2,17,0.2495301067829132,0.9996932409703732,0.9996932409703732,0.75016313418746
Llama-3.1-8B,2,18,0.22256966587156057,0.9526457153260708,0.9526457153260708,0.7300760494545102
Llama-3.1-8B,2,19,0.21463744156062603,0.9861549325287342,0.9861549325287342,0.7715174909681082
Llama-3.1-8B,2,20,0.20057235844433308,0.8914552181959152,0.8914552181959152,0.6908828597515821
Llama-3.1-8B,2,21,0.1986302174627781,1.0104019716382027,1.0104019716382027,0.8117717541754246
Llama-3.1-8B,2,22,0.17252506501972675,1.0400753393769264,1.0400753393769264,0.8675502743571997
Llama-3.1-8B,2,23,0.13146251672878861,0.8513534590601921,0.8513534590601921,0.7198909423314035
Llama-3.1-8B,2,24,0.13820061460137367,0.8624009005725384,0.8624009005725384,0.7242002859711647
Llama-3.1-8B,2,25,0.09692237293347716,0.9358849488198757,0.9358849488198757,0.8389625758863986
Llama-3.1-8B,2,26,0.1186267165467143,1.082633625715971,1.082633625715971,0.9640069091692567
Llama-3.1-8B,2,27,0.1542664784938097,1.1543759182095528,1.1543759182095528,1.000109439715743
Llama-3.1-8B,2,28,0.09607044188305736,1.2627179697155952,1.2627179697155952,1.166647527832538
Llama-3.1-8B,2,29,0.19904964696615934,1.1771862171590328,1.1771862171590328,0.9781365701928735
Llama-3.1-8B,2,30,0.29092863481491804,1.2909464612603188,1.2909464612603188,1.0000178264454007
Llama-3.1-8B,2,31,0.9492144994437695,2.15138840675354,2.15138840675354,1.2021739073097706
Llama-3.1-8B,3,4,0.2692757612094283,0.2764136213809252,0.2764136213809252,0.007137860171496868
Llama-3.1-8B,3,5,0.28799239452928305,0.2270378414541483,0.28799239452928305,0.060954553075134754
Llama-3.1-8B,3,6,0.295549675822258,0.33766409009695053,0.33766409009695053,0.042114414274692535
Llama-3.1-8B,3,7,0.2360381744801998,0.43590886890888214,0.43590886890888214,0.19987069442868233
Llama-3.1-8B,3,8,0.17846466694027185,0.5764896534383297,0.5764896534383297,0.39802498649805784
Llama-3.1-8B,3,9,0.20934738963842392,0.4295172169804573,0.4295172169804573,0.2201698273420334
Llama-3.1-8B,3,10,0.2157985051162541,0.46014948561787605,0.46014948561787605,0.24435098050162196
Llama-3.1-8B,3,11,0.26413470692932606,0.5686865169554949,0.5686865169554949,0.3045518100261688
Llama-3.1-8B,3,12,0.19608015846461058,0.5530349593609571,0.5530349593609571,0.35695480089634657
Llama-3.1-8B,3,13,0.23290342278778553,0.4589203968644142,0.4589203968644142,0.22601697407662868
Llama-3.1-8B,3,14,0.2635698774829507,0.6663308702409267,0.6663308702409267,0.40276099275797606
Llama-3.1-8B,3,15,0.2579864915460348,0.6029640603810549,0.6029640603810549,0.34497756883502007
Llama-3.1-8B,3,16,0.24017660226672888,0.4902525842189789,0.4902525842189789,0.25007598195225
Llama-3.1-8B,3,17,0.24732335563749075,0.5854339897632599,0.5854339897632599,0.33811063412576914
Llama-3.1-8B,3,18,0.2137733418494463,0.4663235004991293,0.4663235004991293,0.252550158649683
Llama-3.1-8B,3,19,0.18696712609380484,0.5558111034333706,0.5558111034333706,0.36884397733956575
Llama-3.1-8B,3,20,0.2162719452753663,0.45700740814208984,0.45700740814208984,0.24073546286672354
Llama-3.1-8B,3,21,0.17863662634044886,0.5697709992527962,0.5697709992527962,0.3911343729123473
Llama-3.1-8B,3,22,0.15906072035431862,0.5379430465400219,0.5379430465400219,0.3788823261857033
Llama-3.1-8B,3,23,0.1175250131636858,0.42432895489037037,0.42432895489037037,0.30680394172668457
Llama-3.1-8B,3,24,0.1352662332355976,0.4096317831426859,0.4096317831426859,0.2743655499070883
Llama-3.1-8B,3,25,0.11153519712388515,0.5304039344191551,0.5304039344191551,0.41886873729526997
Llama-3.1-8B,3,26,0.11085279798135161,0.5487706866115332,0.5487706866115332,0.43791788863018155
Llama-3.1-8B,3,27,0.13865569420158863,0.5582141410559416,0.5582141410559416,0.41955844685435295
Llama-3.1-8B,3,28,0.10291691171005368,0.6375067383050919,0.6375067383050919,0.5345898265950382
Llama-3.1-8B,3,29,0.1810126444324851,0.5447957701981068,0.5447957701981068,0.36378312576562166
Llama-3.1-8B,3,30,0.2891054432839155,0.7044329084455967,0.7044329084455967,0.4153274651616812
Llama-3.1-8B,3,31,0.947949405759573,1.0189001634716988,1.0189001634716988,0.07095075771212578
Llama-3.1-8B,4,5,0.49847798608243465,0.2990989563986659,0.49847798608243465,0.19937902968376875
Llama-3.1-8B,4,6,0.38135990872979164,0.27771886717528105,0.38135990872979164,0.1036410415545106
Llama-3.1-8B,4,7,0.294979814440012,0.39364485442638397,0.39364485442638397,0.098665039986372
Llama-3.1-8B,4,8,0.19368332903832197,0.6185331419110298,0.6185331419110298,0.42484981287270784
Llama-3.1-8B,4,9,0.23229218274354935,0.3898508567363024,0.3898508567363024,0.15755867399275303
Llama-3.1-8B,4,10,0.2334438357502222,0.4526032954454422,0.4526032954454422,0.21915945969522
Llama-3.1-8B,4,11,0.2572802761569619,0.4836315233260393,0.4836315233260393,0.2263512471690774
Llama-3.1-8B,4,12,0.22207814641296864,0.5218501854687929,0.5218501854687929,0.2997720390558243
Llama-3.1-8B,4,13,0.25500918831676245,0.4060847982764244,0.4060847982764244,0.15107560995966196
Llama-3.1-8B,4,14,0.25175565015524626,0.5042995046824217,0.5042995046824217,0.2525438545271754
Llama-3.1-8B,4,15,0.2837827727198601,0.553557462990284,0.553557462990284,0.2697746902704239
Llama-3.1-8B,4,16,0.24795970413833857,0.446777468547225,0.446777468547225,0.19881776440888643
Llama-3.1-8B,4,17,0.23901801370084286,0.53395632840693,0.53395632840693,0.2949383147060871
Llama-3.1-8B,4,18,0.23674867022782564,0.475562596693635,0.475562596693635,0.23881392646580935
Llama-3.1-8B,4,19,0.20616515632718801,0.4836667999625206,0.4836667999625206,0.2775016436353326
Llama-3.1-8B,4,20,0.20570578332990408,0.43123843520879745,0.43123843520879745,0.22553265187889338
Llama-3.1-8B,4,21,0.1709913071244955,0.447989784181118,0.447989784181118,0.2769984770566225
Llama-3.1-8B,4,22,0.15318269841372967,0.44263739325106144,0.44263739325106144,0.28945469483733177
Llama-3.1-8B,4,23,0.10809047939255834,0.4045113567262888,0.4045113567262888,0.29642087733373046
Llama-3.1-8B,4,24,0.12668843613937497,0.42288097366690636,0.42288097366690636,0.2961925375275314
Llama-3.1-8B,4,25,0.10960975149646401,0.4568296167999506,0.4568296167999506,0.3472198653034866
Llama-3.1-8B,4,26,0.11999385291710496,0.4835352208465338,0.4835352208465338,0.3635413679294288
Llama-3.1-8B,4,27,0.1445881212130189,0.47949247248470783,0.47949247248470783,0.33490435127168894
Llama-3.1-8B,4,28,0.09795225504785776,0.5965674892067909,0.5965674892067909,0.49861523415893316
Llama-3.1-8B,4,29,0.1720556514337659,0.47777426429092884,0.47777426429092884,0.30571861285716295
Llama-3.1-8B,4,30,0.2991850320249796,0.5646999794989824,0.5646999794989824,0.26551494747400284
Llama-3.1-8B,4,31,0.9720589369535446,1.0603590458631516,1.0603590458631516,0.08830010890960693
Llama-3.1-8B,5,6,0.3852611258625984,0.30254217609763145,0.3852611258625984,0.08271894976496696
Llama-3.1-8B,5,7,0.3087192438542843,0.29330738820135593,0.3087192438542843,0.015411855652928352
Llama-3.1-8B,5,8,0.2440957874059677,0.4590489845722914,0.4590489845722914,0.21495319716632366
Llama-3.1-8B,5,9,0.2306493427604437,0.3935110419988632,0.3935110419988632,0.16286169923841953
Llama-3.1-8B,5,10,0.2388746216893196,0.4658420793712139,0.4658420793712139,0.2269674576818943
Llama-3.1-8B,5,11,0.28854983393102884,0.45091721042990685,0.45091721042990685,0.162367376498878
Llama-3.1-8B,5,12,0.23954671528190374,0.4992698971182108,0.4992698971182108,0.25972318183630705
Llama-3.1-8B,5,13,0.25200753938406706,0.41847190260887146,0.41847190260887146,0.1664643632248044
Llama-3.1-8B,5,14,0.2729524504393339,0.4818871431052685,0.4818871431052685,0.20893469266593456
Llama-3.1-8B,5,15,0.2958717495203018,0.5278550796210766,0.5278550796210766,0.23198333010077477
Llama-3.1-8B,5,16,0.2536485446617007,0.4513810072094202,0.4513810072094202,0.19773246254771948
Llama-3.1-8B,5,17,0.2507760524749756,0.5286307409405708,0.5286307409405708,0.27785468846559525
Llama-3.1-8B,5,18,0.24750454165041447,0.4979126676917076,0.4979126676917076,0.25040812604129314
Llama-3.1-8B,5,19,0.2370315482839942,0.4376645926386118,0.4376645926386118,0.2006330443546176
Llama-3.1-8B,5,20,0.22792210709303617,0.44489749893546104,0.44489749893546104,0.21697539184242487
Llama-3.1-8B,5,21,0.1946152402088046,0.4613132197409868,0.4613132197409868,0.2666979795321822
Llama-3.1-8B,5,22,0.19658938143402338,0.4521851968020201,0.4521851968020201,0.2555958153679967
Llama-3.1-8B,5,23,0.13801077473908663,0.3885109890252352,0.3885109890252352,0.25050021428614855
Llama-3.1-8B,5,24,0.12624351307749748,0.4200062658637762,0.4200062658637762,0.2937627527862787
Llama-3.1-8B,5,25,0.11389553733170033,0.4100052937865257,0.4100052937865257,0.2961097564548254
Llama-3.1-8B,5,26,0.10914787836372852,0.4730173759162426,0.4730173759162426,0.3638694975525141
Llama-3.1-8B,5,27,0.14436617121100426,0.49713257886469364,0.49713257886469364,0.3527664076536894
Llama-3.1-8B,5,28,0.09400651883333921,0.5711035989224911,0.5711035989224911,0.47709708008915186
Llama-3.1-8B,5,29,0.16391707118600607,0.46882956475019455,0.46882956475019455,0.3049124935641885
Llama-3.1-8B,5,30,0.2937601460143924,0.5504111684858799,0.5504111684858799,0.2566510224714875
Llama-3.1-8B,5,31,0.9602378010749817,1.0282877385616302,1.0282877385616302,0.06804993748664856
Llama-3.1-8B,6,7,0.2774855559691787,0.33507624734193087,0.33507624734193087,0.05759069137275219
Llama-3.1-8B,6,8,0.22810167353600264,0.4135533533990383,0.4135533533990383,0.18545167986303568
Llama-3.1-8B,6,9,0.21084088925272226,0.33708903566002846,0.33708903566002846,0.1262481464073062
Llama-3.1-8B,6,10,0.21996329352259636,0.4272182807326317,0.4272182807326317,0.20725498721003532
Llama-3.1-8B,6,11,0.2561713745817542,0.389101630076766,0.389101630076766,0.1329302554950118
Llama-3.1-8B,6,12,0.2138860486447811,0.5306745693087578,0.5306745693087578,0.31678852066397667
Llama-3.1-8B,6,13,0.23264065012335777,0.40371650643646717,0.40371650643646717,0.1710758563131094
Llama-3.1-8B,6,14,0.23566049989312887,0.46733294054865837,0.46733294054865837,0.2316724406555295
Llama-3.1-8B,6,15,0.2715631341561675,0.5667892210185528,0.5667892210185528,0.2952260868623853
Llama-3.1-8B,6,16,0.22744810581207275,0.44119651429355145,0.44119651429355145,0.2137484084814787
Llama-3.1-8B,6,17,0.2602995131164789,0.5186566580086946,0.5186566580086946,0.25835714489221573
Llama-3.1-8B,6,18,0.21847938373684883,0.4233907386660576,0.4233907386660576,0.20491135492920876
Llama-3.1-8B,6,19,0.21785105019807816,0.45304492115974426,0.45304492115974426,0.2351938709616661
Llama-3.1-8B,6,20,0.22952191811054945,0.3961638007313013,0.3961638007313013,0.16664188262075186
Llama-3.1-8B,6,21,0.1801614249125123,0.437842408195138,0.437842408195138,0.2576809832826257
Llama-3.1-8B,6,22,0.18313628993928432,0.4664495885372162,0.4664495885372162,0.28331329859793186
Llama-3.1-8B,6,23,0.13241563085466623,0.34133648686110973,0.34133648686110973,0.2089208560064435
Llama-3.1-8B,6,24,0.13288001995533705,0.40901918336749077,0.40901918336749077,0.2761391634121537
Llama-3.1-8B,6,25,0.11335280630737543,0.41667111590504646,0.41667111590504646,0.30331830959767103
Llama-3.1-8B,6,26,0.1145239807665348,0.4642622098326683,0.4642622098326683,0.3497382290661335
Llama-3.1-8B,6,27,0.13631769083440304,0.5075376983731985,0.5075376983731985,0.37122000753879547
Llama-3.1-8B,6,28,0.08793170750141144,0.5605459436774254,0.5605459436774254,0.47261423617601395
Llama-3.1-8B,6,29,0.17498745489865541,0.5312413927167654,0.5312413927167654,0.35625393781811
Llama-3.1-8B,6,30,0.2974801752716303,0.5327360983937979,0.5327360983937979,0.2352559231221676
Llama-3.1-8B,6,31,0.9531694613397121,1.0815620869398117,1.0815620869398117,0.12839262560009956
Llama-3.1-8B,7,8,0.3055781088769436,0.24039066769182682,0.3055781088769436,0.06518744118511677
Llama-3.1-8B,7,9,0.1979643628001213,0.21828849520534277,0.21828849520534277,0.020324132405221462
Llama-3.1-8B,7,10,0.2316145244985819,0.25890309177339077,0.25890309177339077,0.027288567274808884
Llama-3.1-8B,7,11,0.25773257575929165,0.25939286034554243,0.25939286034554243,0.001660284586250782
Llama-3.1-8B,7,12,0.23772111907601357,0.3568265978246927,0.3568265978246927,0.11910547874867916
Llama-3.1-8B,7,13,0.24068029038608074,0.29072677344083786,0.29072677344083786,0.05004648305475712
Llama-3.1-8B,7,14,0.24266789108514786,0.339143643155694,0.339143643155694,0.09647575207054615
Llama-3.1-8B,7,15,0.28671759366989136,0.4025489166378975,0.4025489166378975,0.11583132296800613
Llama-3.1-8B,7,16,0.2557344613596797,0.3045608513057232,0.3045608513057232,0.04882638994604349
Llama-3.1-8B,7,17,0.28357952181249857,0.37371860444545746,0.37371860444545746,0.09013908263295889
Llama-3.1-8B,7,18,0.23904552403837442,0.34009574446827173,0.34009574446827173,0.10105022042989731
Llama-3.1-8B,7,19,0.2185721192508936,0.33647450990974903,0.33647450990974903,0.11790239065885544
Llama-3.1-8B,7,20,0.22869287338107824,0.31548105645924807,0.31548105645924807,0.08678818307816982
Llama-3.1-8B,7,21,0.19332359079271555,0.34339088946580887,0.34339088946580887,0.15006729867309332
Llama-3.1-8B,7,22,0.16769835446029902,0.30401039868593216,0.30401039868593216,0.13631204422563314
Llama-3.1-8B,7,23,0.12843122892081738,0.2726347837597132,0.2726347837597132,0.1442035548388958
Llama-3.1-8B,7,24,0.13695298228412867,0.28351130802184343,0.28351130802184343,0.14655832573771477
Llama-3.1-8B,7,25,0.11877209600061178,0.3106341790407896,0.3106341790407896,0.19186208304017782
Llama-3.1-8B,7,26,0.1238939082249999,0.3435877785086632,0.3435877785086632,0.21969387028366327
Llama-3.1-8B,7,27,0.15732182189822197,0.3503470243886113,0.3503470243886113,0.19302520249038935
Llama-3.1-8B,7,28,0.10620189644396305,0.3741044607013464,0.3741044607013464,0.26790256425738335
Llama-3.1-8B,7,29,0.17609980516135693,0.3505427800118923,0.3505427800118923,0.1744429748505354
Llama-3.1-8B,7,30,0.29391798190772533,0.3860999830067158,0.3860999830067158,0.09218200109899044
Llama-3.1-8B,7,31,0.9679523929953575,0.781696267426014,0.9679523929953575,0.18625612556934357
Llama-3.1-8B,8,9,0.29132774099707603,0.2732223542407155,0.29132774099707603,0.01810538675636053
Llama-3.1-8B,8,10,0.24689003825187683,0.18549476377665997,0.24689003825187683,0.061395274475216866
Llama-3.1-8B,8,11,0.27677770517766476,0.2168558482080698,0.27677770517766476,0.059921856969594955
Llama-3.1-8B,8,12,0.2108992114663124,0.23062903713434935,0.23062903713434935,0.019729825668036938
Llama-3.1-8B,8,13,0.27462758496403694,0.22897153347730637,0.27462758496403694,0.045656051486730576
Llama-3.1-8B,8,14,0.27503489796072245,0.2481090733781457,0.27503489796072245,0.02692582458257675
Llama-3.1-8B,8,15,0.3120222482830286,0.2506874166429043,0.3120222482830286,0.06133483164012432
Llama-3.1-8B,8,16,0.2717098407447338,0.2519077342003584,0.2717098407447338,0.01980210654437542
Llama-3.1-8B,8,17,0.26336353085935116,0.24328082241117954,0.26336353085935116,0.020082708448171616
Llama-3.1-8B,8,18,0.23148544877767563,0.22671173699200153,0.23148544877767563,0.004773711785674095
Llama-3.1-8B,8,19,0.2280198624357581,0.23199863266199827,0.23199863266199827,0.003978770226240158
Llama-3.1-8B,8,20,0.23118370305746794,0.22518892493098974,0.23118370305746794,0.005994778126478195
Llama-3.1-8B,8,21,0.18229796644300222,0.22383560240268707,0.22383560240268707,0.04153763595968485
Llama-3.1-8B,8,22,0.17362866178154945,0.22592356707900763,0.22592356707900763,0.05229490529745817
Llama-3.1-8B,8,23,0.1405965741723776,0.24844385962933302,0.24844385962933302,0.10784728545695543
Llama-3.1-8B,8,24,0.14058097545057535,0.2768154302611947,0.2768154302611947,0.13623445481061935
Llama-3.1-8B,8,25,0.11621574917808175,0.24025950767099857,0.24025950767099857,0.12404375849291682
Llama-3.1-8B,8,26,0.11935530928894877,0.24371919129043818,0.24371919129043818,0.1243638820014894
Llama-3.1-8B,8,27,0.15020596887916327,0.27404211834073067,0.27404211834073067,0.1238361494615674
Llama-3.1-8B,8,28,0.10298092104494572,0.29160456731915474,0.29160456731915474,0.18862364627420902
Llama-3.1-8B,8,29,0.17514453455805779,0.2775527089834213,0.2775527089834213,0.10240817442536354
Llama-3.1-8B,8,30,0.2948479251936078,0.28846463188529015,0.2948479251936078,0.006383293308317661
Llama-3.1-8B,8,31,0.9758833460509777,0.7055471539497375,0.9758833460509777,0.27033619210124016
Llama-3.1-8B,9,10,0.28334912098944187,0.22535833436995745,0.28334912098944187,0.057990786619484425
Llama-3.1-8B,9,11,0.25386533234268427,0.21454545203596354,0.25386533234268427,0.039319880306720734
Llama-3.1-8B,9,12,0.23118308559060097,0.25491210632026196,0.25491210632026196,0.023729020729660988
Llama-3.1-8B,9,13,0.2741785850375891,0.25253509171307087,0.2741785850375891,0.021643493324518204
Llama-3.1-8B,9,14,0.3116026371717453,0.321236290037632,0.321236290037632,0.009633652865886688
Llama-3.1-8B,9,15,0.3091268436983228,0.3145786439999938,0.3145786439999938,0.005451800301671028
Llama-3.1-8B,9,16,0.27677000407129526,0.2648816956207156,0.27677000407129526,0.011888308450579643
Llama-3.1-8B,9,17,0.2733437120914459,0.29413089994341135,0.29413089994341135,0.020787187851965427
Llama-3.1-8B,9,18,0.24846787378191948,0.25133887585252523,0.25133887585252523,0.002871002070605755
Llama-3.1-8B,9,19,0.22050357703119516,0.2508089551702142,0.2508089551702142,0.030305378139019012
Llama-3.1-8B,9,20,0.21815223898738623,0.24937523435801268,0.24937523435801268,0.03122299537062645
Llama-3.1-8B,9,21,0.20123970601707697,0.2723860191181302,0.2723860191181302,0.07114631310105324
Llama-3.1-8B,9,22,0.18590217735618353,0.26656357385218143,0.26656357385218143,0.0806613964959979
Llama-3.1-8B,9,23,0.147681490983814,0.2405509715899825,0.2405509715899825,0.09286948060616851
Llama-3.1-8B,9,24,0.12825297098606825,0.2763019483536482,0.2763019483536482,0.14804897736757994
Llama-3.1-8B,9,25,0.11686794832348824,0.2878360850736499,0.2878360850736499,0.17096813675016165
Llama-3.1-8B,9,26,0.1278107981197536,0.26342235039919615,0.26342235039919615,0.13561155227944255
Llama-3.1-8B,9,27,0.15172088239341974,0.3108079992234707,0.3108079992234707,0.15908711683005095
Llama-3.1-8B,9,28,0.09981623850762844,0.3452672017738223,0.3452672017738223,0.24545096326619387
Llama-3.1-8B,9,29,0.1712861629202962,0.27206556033343077,0.27206556033343077,0.10077939741313457
Llama-3.1-8B,9,30,0.30369405169039965,0.3609452173113823,0.3609452173113823,0.05725116562098265
Llama-3.1-8B,9,31,0.9784314297139645,0.6498968377709389,0.9784314297139645,0.3285345919430256
Llama-3.1-8B,10,11,0.34106740169227123,0.23553174547851086,0.34106740169227123,0.10553565621376038
Llama-3.1-8B,10,12,0.22780088149011135,0.2328448137268424,0.2328448137268424,0.005043932236731052
Llama-3.1-8B,10,13,0.2820822447538376,0.23452952783554792,0.2820822447538376,0.04755271691828966
Llama-3.1-8B,10,14,0.2723743785172701,0.2843110887333751,0.2843110887333751,0.011936710216104984
Llama-3.1-8B,10,15,0.3217858374118805,0.2683660201728344,0.3217858374118805,0.0534198172390461
Llama-3.1-8B,10,16,0.30149419140070677,0.2360345283523202,0.30149419140070677,0.06545966304838657
Llama-3.1-8B,10,17,0.30873766262084246,0.28293400164693594,0.30873766262084246,0.025803660973906517
Llama-3.1-8B,10,18,0.2723162164911628,0.26391729013994336,0.2723162164911628,0.008398926351219416
Llama-3.1-8B,10,19,0.2683150237426162,0.25620343163609505,0.2683150237426162,0.01211159210652113
Llama-3.1-8B,10,20,0.25409634597599506,0.2363234581425786,0.25409634597599506,0.017772887833416462
Llama-3.1-8B,10,21,0.208680490963161,0.24944938905537128,0.24944938905537128,0.04076889809221029
Llama-3.1-8B,10,22,0.1843925602734089,0.23980506509542465,0.23980506509542465,0.05541250482201576
Llama-3.1-8B,10,23,0.14954300923272967,0.23061780538409948,0.23061780538409948,0.08107479615136981
Llama-3.1-8B,10,24,0.14254281762987375,0.2489852774888277,0.2489852774888277,0.10644245985895395
Llama-3.1-8B,10,25,0.12486726883798838,0.2560063973069191,0.2560063973069191,0.13113912846893072
Llama-3.1-8B,10,26,0.11811227258294821,0.2766775768250227,0.2766775768250227,0.1585653042420745
Llama-3.1-8B,10,27,0.1454256782308221,0.29104021191596985,0.29104021191596985,0.14561453368514776
Llama-3.1-8B,10,28,0.10348901804536581,0.30408495757728815,0.30408495757728815,0.20059593953192234
Llama-3.1-8B,10,29,0.20702768629416823,0.2725046845152974,0.2725046845152974,0.06547699822112918
Llama-3.1-8B,10,30,0.2994792964309454,0.29848075937479734,0.2994792964309454,0.0009985370561480522
Llama-3.1-8B,10,31,0.9709643349051476,0.5530932154506445,0.9709643349051476,0.41787111945450306
Llama-3.1-8B,11,12,0.27110281214118004,0.3132394291460514,0.3132394291460514,0.04213661700487137
Llama-3.1-8B,11,13,0.29846554435789585,0.27177358139306307,0.29846554435789585,0.026691962964832783
Llama-3.1-8B,11,14,0.30193694587796926,0.3553735436871648,0.3553735436871648,0.05343659780919552
Llama-3.1-8B,11,15,0.31030205450952053,0.3215164728462696,0.3215164728462696,0.011214418336749077
Llama-3.1-8B,11,16,0.3104735929518938,0.28060461953282356,0.3104735929518938,0.029868973419070244
Llama-3.1-8B,11,17,0.2829691218212247,0.3433906165882945,0.3433906165882945,0.06042149476706982
Llama-3.1-8B,11,18,0.26377647928893566,0.27748153638094664,0.27748153638094664,0.013705057092010975
Llama-3.1-8B,11,19,0.23463930282741785,0.3199574761092663,0.3199574761092663,0.08531817328184843
Llama-3.1-8B,11,20,0.24327984172850847,0.27733437716960907,0.27733437716960907,0.0340545354411006
Llama-3.1-8B,11,21,0.2203309377655387,0.3153496449813247,0.3153496449813247,0.09501870721578598
Llama-3.1-8B,11,22,0.21321243327111006,0.2659291597083211,0.2659291597083211,0.05271672643721104
Llama-3.1-8B,11,23,0.162787145934999,0.27086727041751146,0.27086727041751146,0.10808012448251247
Llama-3.1-8B,11,24,0.1690329760313034,0.2963993875309825,0.2963993875309825,0.1273664114996791
Llama-3.1-8B,11,25,0.11854826007038355,0.3162865899503231,0.3162865899503231,0.19773832987993956
Llama-3.1-8B,11,26,0.13775142328813672,0.34806267637759447,0.34806267637759447,0.21031125308945775
Llama-3.1-8B,11,27,0.15844122041016817,0.3301906902343035,0.3301906902343035,0.1717494698241353
Llama-3.1-8B,11,28,0.1069603729993105,0.39779461454600096,0.39779461454600096,0.29083424154669046
Llama-3.1-8B,11,29,0.18917948938906193,0.3415177371352911,0.3415177371352911,0.15233824774622917
Llama-3.1-8B,11,30,0.2917681410908699,0.3678436931222677,0.3678436931222677,0.07607555203139782
Llama-3.1-8B,11,31,0.9752019643783569,0.7153075486421585,0.9752019643783569,0.2598944157361984
Llama-3.1-8B,12,13,0.34949308820068836,0.23744979593902826,0.34949308820068836,0.1120432922616601
Llama-3.1-8B,12,14,0.27731278631836176,0.26479362789541483,0.27731278631836176,0.01251915842294693
Llama-3.1-8B,12,15,0.33055629581213,0.21032829768955708,0.33055629581213,0.1202279981225729
Llama-3.1-8B,12,16,0.3259113244712353,0.21060485672205687,0.3259113244712353,0.11530646774917841
Llama-3.1-8B,12,17,0.3136211708188057,0.27354621514678,0.3136211708188057,0.04007495567202568
Llama-3.1-8B,12,18,0.2929610824212432,0.21994395554065704,0.2929610824212432,0.07301712688058615
Llama-3.1-8B,12,19,0.24392960872501135,0.2375880992040038,0.24392960872501135,0.006341509521007538
Llama-3.1-8B,12,20,0.24233356397598982,0.2292719967663288,0.24233356397598982,0.013061567209661007
Llama-3.1-8B,12,21,0.2024987954646349,0.260008561424911,0.260008561424911,0.05750976596027613
Llama-3.1-8B,12,22,0.20167377591133118,0.25923294201493263,0.25923294201493263,0.057559166103601456
Llama-3.1-8B,12,23,0.16488079074770212,0.2424395177513361,0.2424395177513361,0.07755872700363398
Llama-3.1-8B,12,24,0.16662386991083622,0.26148886512964964,0.26148886512964964,0.09486499521881342
Llama-3.1-8B,12,25,0.129842443857342,0.25605339277535677,0.25605339277535677,0.12621094891801476
Llama-3.1-8B,12,26,0.13611007202416658,0.2654050858691335,0.2654050858691335,0.1292950138449669
Llama-3.1-8B,12,27,0.1588472118601203,0.2663589408621192,0.2663589408621192,0.1075117290019989
Llama-3.1-8B,12,28,0.09908767137676477,0.2965872408822179,0.2965872408822179,0.1974995695054531
Llama-3.1-8B,12,29,0.18115711957216263,0.24534857459366322,0.24534857459366322,0.06419145502150059
Llama-3.1-8B,12,30,0.29397122748196125,0.3311129193753004,0.3311129193753004,0.03714169189333916
Llama-3.1-8B,12,31,0.9689780063927174,0.839508555829525,0.9689780063927174,0.12946945056319237
Llama-3.1-8B,13,14,0.37345660105347633,0.3326836032792926,0.37345660105347633,0.04077299777418375
Llama-3.1-8B,13,15,0.35195827670395374,0.2573477365076542,0.35195827670395374,0.09461054019629955
Llama-3.1-8B,13,16,0.3331916742026806,0.2279200293123722,0.3331916742026806,0.10527164489030838
Llama-3.1-8B,13,17,0.3309166468679905,0.3197562750428915,0.3309166468679905,0.011160371825098991
Llama-3.1-8B,13,18,0.31145300064235926,0.24811646901071072,0.31145300064235926,0.06333653163164854
Llama-3.1-8B,13,19,0.2824472161009908,0.3115392914041877,0.3115392914041877,0.029092075303196907
Llama-3.1-8B,13,20,0.28484623320400715,0.27952531445771456,0.28484623320400715,0.005320918746292591
Llama-3.1-8B,13,21,0.23762205429375172,0.3403008608147502,0.3403008608147502,0.10267880652099848
Llama-3.1-8B,13,22,0.20911497808992863,0.3371530082076788,0.3371530082076788,0.12803803011775017
Llama-3.1-8B,13,23,0.14801109861582518,0.2515890020877123,0.2515890020877123,0.10357790347188711
Llama-3.1-8B,13,24,0.16390941385179758,0.29162940941751003,0.29162940941751003,0.12771999556571245
Llama-3.1-8B,13,25,0.13544373074546456,0.30658739525824785,0.30658739525824785,0.1711436645127833
Llama-3.1-8B,13,26,0.15187541209161282,0.3484301920980215,0.3484301920980215,0.1965547800064087
Llama-3.1-8B,13,27,0.16357623878866434,0.363846343010664,0.363846343010664,0.20027010422199965
Llama-3.1-8B,13,28,0.12119948957115412,0.42061708867549896,0.42061708867549896,0.29941759910434484
Llama-3.1-8B,13,29,0.20974073931574821,0.35982323065400124,0.35982323065400124,0.15008249133825302
Llama-3.1-8B,13,30,0.30650466307997704,0.4365663770586252,0.4365663770586252,0.13006171397864819
Llama-3.1-8B,13,31,0.9580858796834946,0.9541567787528038,0.9580858796834946,0.003929100930690765
Llama-3.1-8B,14,15,0.32012403290718794,0.3095494797453284,0.32012403290718794,0.010574553161859512
Llama-3.1-8B,14,16,0.3071605321019888,0.300913373939693,0.3071605321019888,0.006247158162295818
Llama-3.1-8B,14,17,0.3286245632916689,0.2780730500817299,0.3286245632916689,0.050551513209939
Llama-3.1-8B,14,18,0.29527140222489834,0.288673447445035,0.29527140222489834,0.0065979547798633575
Llama-3.1-8B,14,19,0.2803000081330538,0.2564687840640545,0.2803000081330538,0.02383122406899929
Llama-3.1-8B,14,20,0.27884243056178093,0.28036776185035706,0.28036776185035706,0.001525331288576126
Llama-3.1-8B,14,21,0.23990879021584988,0.2974013704806566,0.2974013704806566,0.05749258026480675
Llama-3.1-8B,14,22,0.2057909481227398,0.2931641535833478,0.2931641535833478,0.087373205460608
Llama-3.1-8B,14,23,0.1743565183132887,0.28900712821632624,0.28900712821632624,0.11465060990303755
Llama-3.1-8B,14,24,0.17129039112478495,0.3083248995244503,0.3083248995244503,0.13703450839966536
Llama-3.1-8B,14,25,0.13505166675895452,0.31949939019978046,0.31949939019978046,0.18444772344082594
Llama-3.1-8B,14,26,0.13215495506301522,0.30272532999515533,0.30272532999515533,0.1705703749321401
Llama-3.1-8B,14,27,0.1648496426641941,0.3264327384531498,0.3264327384531498,0.1615830957889557
Llama-3.1-8B,14,28,0.10918416269123554,0.3584740236401558,0.3584740236401558,0.24928986094892025
Llama-3.1-8B,14,29,0.1936567137017846,0.34394905529916286,0.34394905529916286,0.15029234159737825
Llama-3.1-8B,14,30,0.3055624505504966,0.4250647835433483,0.4250647835433483,0.11950233299285173
Llama-3.1-8B,14,31,0.9770879484713078,1.1641124486923218,1.1641124486923218,0.18702450022101402
Llama-3.1-8B,15,16,0.4128974862396717,0.3530099233612418,0.4128974862396717,0.05988756287842989
Llama-3.1-8B,15,17,0.314713254570961,0.28754561580717564,0.314713254570961,0.027167638763785362
Llama-3.1-8B,15,18,0.3040171079337597,0.294423608109355,0.3040171079337597,0.009593499824404716
Llama-3.1-8B,15,19,0.30769890174269676,0.30191123485565186,0.30769890174269676,0.005787666887044907
Llama-3.1-8B,15,20,0.3135416191071272,0.27872457448393106,0.3135416191071272,0.034817044623196125
Llama-3.1-8B,15,21,0.2779024690389633,0.3473859494552016,0.3473859494552016,0.06948348041623831
Llama-3.1-8B,15,22,0.25916454289108515,0.3119074488058686,0.3119074488058686,0.05274290591478348
Llama-3.1-8B,15,23,0.2201040294021368,0.29517102614045143,0.29517102614045143,0.07506699673831463
Llama-3.1-8B,15,24,0.22248469293117523,0.29739705566316843,0.29739705566316843,0.0749123627319932
Llama-3.1-8B,15,25,0.16879668179899454,0.30460733734071255,0.30460733734071255,0.135810655541718
Llama-3.1-8B,15,26,0.16548793390393257,0.3087048139423132,0.3087048139423132,0.14321688003838062
Llama-3.1-8B,15,27,0.18963651731610298,0.3170701302587986,0.3170701302587986,0.12743361294269562
Llama-3.1-8B,15,28,0.13263690005987883,0.39024606440216303,0.39024606440216303,0.2576091643422842
Llama-3.1-8B,15,29,0.22629544790834188,0.3442246448248625,0.3442246448248625,0.1179291969165206
Llama-3.1-8B,15,30,0.31113919056952,0.43038408644497395,0.43038408644497395,0.11924489587545395
Llama-3.1-8B,15,31,0.9824191853404045,1.0533863976597786,1.0533863976597786,0.07096721231937408
Llama-3.1-8B,16,17,0.3788284845650196,0.3821215368807316,0.3821215368807316,0.003293052315711975
Llama-3.1-8B,16,18,0.31093980744481087,0.274653322994709,0.31093980744481087,0.03628648445010185
Llama-3.1-8B,16,19,0.28087055776268244,0.29312891606241465,0.29312891606241465,0.012258358299732208
Llama-3.1-8B,16,20,0.26169122755527496,0.27241777908056974,0.27241777908056974,0.01072655152529478
Llama-3.1-8B,16,21,0.2416787538677454,0.2927775150164962,0.2927775150164962,0.05109876114875078
Llama-3.1-8B,16,22,0.22525627724826336,0.27778830379247665,0.27778830379247665,0.052532026544213295
Llama-3.1-8B,16,23,0.18927449267357588,0.2505405256524682,0.2505405256524682,0.061266032978892326
Llama-3.1-8B,16,24,0.18248615320771933,0.2840274143964052,0.2840274143964052,0.1015412611886859
Llama-3.1-8B,16,25,0.13567012501880527,0.30195816792547703,0.30195816792547703,0.16628804290667176
Llama-3.1-8B,16,26,0.14433767087757587,0.29083180986344814,0.29083180986344814,0.14649413898587227
Llama-3.1-8B,16,27,0.17606513109058142,0.31882063299417496,0.31882063299417496,0.14275550190359354
Llama-3.1-8B,16,28,0.12275460548698902,0.42957786098122597,0.42957786098122597,0.30682325549423695
Llama-3.1-8B,16,29,0.20851900521665812,0.3569438271224499,0.3569438271224499,0.14842482190579176
Llama-3.1-8B,16,30,0.31266922783106565,0.42538377456367016,0.42538377456367016,0.1127145467326045
Llama-3.1-8B,16,31,0.9533955976366997,0.9798814803361893,0.9798814803361893,0.026485882699489594
Llama-3.1-8B,17,18,0.38710786309093237,0.37856534868478775,0.38710786309093237,0.008542514406144619
Llama-3.1-8B,17,19,0.30421476252377033,0.34789691865444183,0.34789691865444183,0.0436821561306715
Llama-3.1-8B,17,20,0.2814698936417699,0.30791442934423685,0.30791442934423685,0.026444535702466965
Llama-3.1-8B,17,21,0.25351956114172935,0.29385740123689175,0.29385740123689175,0.04033784009516239
Llama-3.1-8B,17,22,0.2610587365925312,0.29705107118934393,0.29705107118934393,0.035992334596812725
Llama-3.1-8B,17,23,0.22414635866880417,0.28540903329849243,0.28540903329849243,0.06126267462968826
Llama-3.1-8B,17,24,0.21117260586470366,0.28564768098294735,0.28564768098294735,0.0744750751182437
Llama-3.1-8B,17,25,0.17341535352170467,0.2969570653513074,0.2969570653513074,0.12354171182960272
Llama-3.1-8B,17,26,0.17016058042645454,0.3020396390929818,0.3020396390929818,0.13187905866652727
Llama-3.1-8B,17,27,0.19327438157051802,0.3137361165136099,0.3137361165136099,0.12046173494309187
Llama-3.1-8B,17,28,0.14514234382659197,0.3904394470155239,0.3904394470155239,0.24529710318893194
Llama-3.1-8B,17,29,0.23850776720792055,0.3529803119599819,0.3529803119599819,0.11447254475206137
Llama-3.1-8B,17,30,0.335242185741663,0.42682204209268093,0.42682204209268093,0.09157985635101795
Llama-3.1-8B,17,31,0.966374009847641,0.9496414847671986,0.966374009847641,0.01673252508044243
Llama-3.1-8B,18,19,0.3159950003027916,0.3555101826786995,0.3555101826786995,0.0395151823759079
Llama-3.1-8B,18,20,0.2729358319193125,0.3104070285335183,0.3104070285335183,0.03747119661420584
Llama-3.1-8B,18,21,0.24528442416340113,0.2747317422181368,0.2747317422181368,0.02944731805473566
Llama-3.1-8B,18,22,0.24687123764306307,0.2497716499492526,0.2497716499492526,0.002900412306189537
Llama-3.1-8B,18,23,0.2003151411190629,0.24971142690628767,0.24971142690628767,0.04939628578722477
Llama-3.1-8B,18,24,0.2071520211175084,0.27858968172222376,0.27858968172222376,0.07143766060471535
Llama-3.1-8B,18,25,0.16137332189828157,0.28504350781440735,0.28504350781440735,0.12367018591612577
Llama-3.1-8B,18,26,0.1667432337999344,0.28578401636332273,0.28578401636332273,0.11904078256338835
Llama-3.1-8B,18,27,0.20011781249195337,0.3253095354884863,0.3253095354884863,0.12519172299653292
Llama-3.1-8B,18,28,0.1574562694877386,0.35289246402680874,0.35289246402680874,0.19543619453907013
Llama-3.1-8B,18,29,0.2531439010053873,0.32682485319674015,0.32682485319674015,0.07368095219135284
Llama-3.1-8B,18,30,0.35186116117984056,0.39685490541160107,0.39685490541160107,0.0449937442317605
Llama-3.1-8B,18,31,0.9838144890964031,0.9541788063943386,0.9838144890964031,0.029635682702064514
Llama-3.1-8B,19,20,0.34970291517674923,0.39881463535130024,0.39881463535130024,0.04911172017455101
Llama-3.1-8B,19,21,0.30165874771773815,0.25581242609769106,0.30165874771773815,0.04584632162004709
Llama-3.1-8B,19,22,0.2507639080286026,0.24996995460242033,0.2507639080286026,0.00079395342618227
Llama-3.1-8B,19,23,0.22638357616961002,0.2436628807336092,0.2436628807336092,0.017279304563999176
Llama-3.1-8B,19,24,0.21614010073244572,0.27121340297162533,0.27121340297162533,0.05507330223917961
Llama-3.1-8B,19,25,0.19696469884365797,0.2707370202988386,0.2707370202988386,0.07377232145518064
Llama-3.1-8B,19,26,0.19331402238458395,0.2595280520617962,0.2595280520617962,0.06621402967721224
Llama-3.1-8B,19,27,0.21017117705196142,0.2922405432909727,0.2922405432909727,0.08206936623901129
Llama-3.1-8B,19,28,0.1560206962749362,0.34212690871208906,0.34212690871208906,0.18610621243715286
Llama-3.1-8B,19,29,0.28391454368829727,0.3108320999890566,0.3108320999890566,0.026917556300759315
Llama-3.1-8B,19,30,0.39832097850739956,0.36026896350085735,0.39832097850739956,0.038052015006542206
Llama-3.1-8B,19,31,0.9696690812706947,1.0436123125255108,1.0436123125255108,0.07394323125481606
Llama-3.1-8B,20,21,0.32484547793865204,0.28453080356121063,0.32484547793865204,0.040314674377441406
Llama-3.1-8B,20,22,0.2768795872107148,0.23928344994783401,0.2768795872107148,0.0375961372628808
Llama-3.1-8B,20,23,0.22216609213501215,0.21253700088709593,0.22216609213501215,0.009629091247916222
Llama-3.1-8B,20,24,0.19475094228982925,0.24074676353484392,0.24074676353484392,0.04599582124501467
Llama-3.1-8B,20,25,0.18138266820460558,0.24878030829131603,0.24878030829131603,0.06739764008671045
Llama-3.1-8B,20,26,0.17999500408768654,0.26744011230766773,0.26744011230766773,0.0874451082199812
Llama-3.1-8B,20,27,0.21898792684078217,0.2886742167174816,0.2886742167174816,0.06968628987669945
Llama-3.1-8B,20,28,0.1627538064494729,0.36306304298341274,0.36306304298341274,0.20030923653393984
Llama-3.1-8B,20,29,0.27468784991651773,0.3419453576207161,0.3419453576207161,0.06725750770419836
Llama-3.1-8B,20,30,0.38317555747926235,0.46629063598811626,0.46629063598811626,0.08311507850885391
Llama-3.1-8B,20,31,0.994615938514471,1.278523065149784,1.278523065149784,0.28390712663531303
Llama-3.1-8B,21,22,0.22617166303098202,0.26815969217568636,0.26815969217568636,0.04198802914470434
Llama-3.1-8B,21,23,0.19207388069480658,0.23574722278863192,0.23574722278863192,0.04367334209382534
Llama-3.1-8B,21,24,0.17232081200927496,0.2708780821412802,0.2708780821412802,0.09855727013200521
Llama-3.1-8B,21,25,0.16778132086619735,0.22759033273905516,0.22759033273905516,0.05980901187285781
Llama-3.1-8B,21,26,0.16391886677592993,0.23664761614054441,0.23664761614054441,0.07272874936461449
Llama-3.1-8B,21,27,0.20657578483223915,0.26306748017668724,0.26306748017668724,0.05649169534444809
Llama-3.1-8B,21,28,0.1574755273759365,0.2889230502769351,0.2889230502769351,0.1314475229009986
Llama-3.1-8B,21,29,0.277408666908741,0.315433356910944,0.315433356910944,0.03802469000220299
Llama-3.1-8B,21,30,0.43426514603197575,0.5557101182639599,0.5557101182639599,0.12144497223198414
Llama-3.1-8B,21,31,0.9750182293355465,1.626215897500515,1.626215897500515,0.6511976681649685
Llama-3.1-8B,22,23,0.2044924171641469,0.2080451026558876,0.2080451026558876,0.0035526854917407036
Llama-3.1-8B,22,24,0.18638689443469048,0.213090761564672,0.213090761564672,0.026703867129981518
Llama-3.1-8B,22,25,0.16035660915076733,0.221523929387331,0.221523929387331,0.06116732023656368
Llama-3.1-8B,22,26,0.17135644890367985,0.22626650519669056,0.22626650519669056,0.05491005629301071
Llama-3.1-8B,22,27,0.21443053800612688,0.2754143700003624,0.2754143700003624,0.060983831994235516
Llama-3.1-8B,22,28,0.16246802918612957,0.2909625917673111,0.2909625917673111,0.12849456258118153
Llama-3.1-8B,22,29,0.2755231074988842,0.30622582882642746,0.30622582882642746,0.03070272132754326
Llama-3.1-8B,22,30,0.4523113686591387,0.8087068907916546,0.8087068907916546,0.3563955221325159
Llama-3.1-8B,22,31,0.9768820814788342,2.355213664472103,2.355213664472103,1.378331582993269
Llama-3.1-8B,23,24,0.19111504312604666,0.20970733929425478,0.20970733929425478,0.018592296168208122
Llama-3.1-8B,23,25,0.1635519564151764,0.18709048815071583,0.18709048815071583,0.023538531735539436
Llama-3.1-8B,23,26,0.17473152466118336,0.1837790748104453,0.1837790748104453,0.009047550149261951
Llama-3.1-8B,23,27,0.21327973157167435,0.21137313731014729,0.21327973157167435,0.0019065942615270615
Llama-3.1-8B,23,28,0.16336939577013254,0.2454306771978736,0.2454306771978736,0.08206128142774105
Llama-3.1-8B,23,29,0.2711760066449642,0.36702010221779346,0.36702010221779346,0.09584409557282925
Llama-3.1-8B,23,30,0.4133935272693634,0.9718241058290005,0.9718241058290005,0.5584305785596371
Llama-3.1-8B,23,31,1.004808884114027,2.86035692691803,2.86035692691803,1.8555480428040028
Llama-3.1-8B,24,25,0.16560269985347986,0.19134467840194702,0.19134467840194702,0.02574197854846716
Llama-3.1-8B,24,26,0.17052550707012415,0.17705812491476536,0.17705812491476536,0.006532617844641209
Llama-3.1-8B,24,27,0.18632308673113585,0.20985040441155434,0.20985040441155434,0.02352731768041849
Llama-3.1-8B,24,28,0.16114434134215117,0.24179102666676044,0.24179102666676044,0.08064668532460928
Llama-3.1-8B,24,29,0.2578106177970767,0.355369221419096,0.355369221419096,0.09755860362201929
Llama-3.1-8B,24,30,0.42223903723061085,0.9286560267210007,0.9286560267210007,0.5064169894903898
Llama-3.1-8B,24,31,1.0226909555494785,3.283601224422455,3.283601224422455,2.2609102688729763
Llama-3.1-8B,25,26,0.16278316546231508,0.16013692878186703,0.16278316546231508,0.0026462366804480553
Llama-3.1-8B,25,27,0.17871965002268553,0.16109109297394753,0.17871965002268553,0.017628557048738003
Llama-3.1-8B,25,28,0.17613011319190264,0.21274475287646055,0.21274475287646055,0.036614639684557915
Llama-3.1-8B,25,29,0.25102832168340683,0.3474079966545105,0.3474079966545105,0.09637967497110367
Llama-3.1-8B,25,30,0.4024750180542469,0.780980471521616,0.780980471521616,0.3785054534673691
Llama-3.1-8B,25,31,1.0517615489661694,4.0938874036073685,4.0938874036073685,3.042125854641199
Llama-3.1-8B,26,27,0.1814467730000615,0.14919170457869768,0.1814467730000615,0.03225506842136383
Llama-3.1-8B,26,28,0.14714286103844643,0.1991418218240142,0.1991418218240142,0.05199896078556776
Llama-3.1-8B,26,29,0.22850245237350464,0.32977529987692833,0.32977529987692833,0.10127284750342369
Llama-3.1-8B,26,30,0.46056205220520496,0.8167680762708187,0.8167680762708187,0.35620602406561375
Llama-3.1-8B,26,31,1.1566738560795784,5.328199774026871,5.328199774026871,4.171525917947292
Llama-3.1-8B,27,28,0.17662538960576057,0.2043708646669984,0.2043708646669984,0.027745475061237812
Llama-3.1-8B,27,29,0.25815220922231674,0.48740509897470474,0.48740509897470474,0.229252889752388
Llama-3.1-8B,27,30,0.4174219183623791,0.9502953365445137,0.9502953365445137,0.5328734181821346
Llama-3.1-8B,27,31,1.22591383010149,6.595372796058655,6.595372796058655,5.369458965957165
Llama-3.1-8B,28,29,0.2931242724880576,0.321690795943141,0.321690795943141,0.02856652345508337
Llama-3.1-8B,28,30,0.4238266106694937,0.5682034380733967,0.5682034380733967,0.144376827403903
Llama-3.1-8B,28,31,1.1137199699878693,6.798585891723633,6.798585891723633,5.6848659217357635
Llama-3.1-8B,29,30,0.6490404549986124,0.2781759090721607,0.6490404549986124,0.3708645459264517
Llama-3.1-8B,29,31,1.121477633714676,7.080093532800674,7.080093532800674,5.9586158990859985
Llama-3.1-8B,30,31,1.135941669344902,4.861567348241806,4.861567348241806,3.725625678896904
Llama-3.2-3B,0,1,6.860451757907867,8.048934429883957,8.048934429883957,1.1884826719760895
Llama-3.2-3B,0,2,0.5997753348201513,8.72587513923645,8.72587513923645,8.126099804416299
Llama-3.2-3B,0,3,0.5452476367354393,10.215970546007156,10.215970546007156,9.670722909271717
Llama-3.2-3B,0,4,0.421746538951993,10.169298887252808,10.169298887252808,9.747552348300815
Llama-3.2-3B,0,5,0.5331376995891333,11.871685922145844,11.871685922145844,11.33854822255671
Llama-3.2-3B,0,6,0.4923243187367916,10.829759418964386,10.829759418964386,10.337435100227594
Llama-3.2-3B,0,7,0.37901089154183865,11.124250411987305,11.124250411987305,10.745239520445466
Llama-3.2-3B,0,8,0.3209665138274431,10.265376687049866,10.265376687049866,9.944410173222423
Llama-3.2-3B,0,9,0.3066487582400441,11.01911586523056,11.01911586523056,10.712467106990516
Llama-3.2-3B,0,10,0.3802081160247326,10.445734977722168,10.445734977722168,10.065526861697435
Llama-3.2-3B,0,11,0.36193592473864555,10.391057193279266,10.391057193279266,10.02912126854062
Llama-3.2-3B,0,12,0.5048950910568237,10.133704781532288,10.133704781532288,9.628809690475464
Llama-3.2-3B,0,13,0.48837161995470524,10.741714775562286,10.741714775562286,10.253343155607581
Llama-3.2-3B,0,14,0.5429508555680513,10.571429073810577,10.571429073810577,10.028478218242526
Llama-3.2-3B,0,15,0.4731818474829197,10.075011551380157,10.075011551380157,9.601829703897238
Llama-3.2-3B,0,16,0.4273349568247795,9.800799906253815,9.800799906253815,9.373464949429035
Llama-3.2-3B,0,17,0.3355093952268362,10.052432715892792,10.052432715892792,9.716923320665956
Llama-3.2-3B,0,18,0.3952520415186882,10.307662308216095,10.307662308216095,9.912410266697407
Llama-3.2-3B,0,19,0.3386418968439102,9.522706925868988,9.522706925868988,9.184065029025078
Llama-3.2-3B,0,20,0.27787415869534016,10.19299989938736,10.19299989938736,9.91512574069202
Llama-3.2-3B,0,21,0.28110308200120926,11.003389656543732,11.003389656543732,10.722286574542522
Llama-3.2-3B,0,22,0.20231357123702765,10.938895165920258,10.938895165920258,10.73658159468323
Llama-3.2-3B,0,23,0.19077264051884413,10.74066036939621,10.74066036939621,10.549887728877366
Llama-3.2-3B,0,24,0.30328371189534664,11.209559500217438,11.209559500217438,10.906275788322091
Llama-3.2-3B,0,25,0.2926142243668437,12.433328568935394,12.433328568935394,12.14071434456855
Llama-3.2-3B,0,26,0.2725752731785178,14.22805666923523,14.22805666923523,13.955481396056712
Llama-3.2-3B,0,27,0.4568317364901304,15.161792635917664,15.161792635917664,14.704960899427533
Llama-3.2-3B,1,2,0.6560926083475351,7.13002336025238,7.13002336025238,6.473930751904845
Llama-3.2-3B,1,3,0.5306684002280235,7.692998558282852,7.692998558282852,7.162330158054829
Llama-3.2-3B,1,4,0.39988259226083755,7.404836922883987,7.404836922883987,7.00495433062315
Llama-3.2-3B,1,5,0.49368178471922874,8.113851636648178,8.113851636648178,7.620169851928949
Llama-3.2-3B,1,6,0.4884171839803457,7.879504323005676,7.879504323005676,7.3910871390253305
Llama-3.2-3B,1,7,0.3865700513124466,7.700521558523178,7.700521558523178,7.3139515072107315
Llama-3.2-3B,1,8,0.3172256136313081,7.682248920202255,7.682248920202255,7.365023306570947
Llama-3.2-3B,1,9,0.29150053672492504,7.523455172777176,7.523455172777176,7.231954636052251
Llama-3.2-3B,1,10,0.372032105922699,7.917676866054535,7.917676866054535,7.545644760131836
Llama-3.2-3B,1,11,0.3198614325374365,7.428383231163025,7.428383231163025,7.108521798625588
Llama-3.2-3B,1,12,0.4509630873799324,7.7116539478302,7.7116539478302,7.260690860450268
Llama-3.2-3B,1,13,0.42717545852065086,7.638844847679138,7.638844847679138,7.211669389158487
Llama-3.2-3B,1,14,0.47959562949836254,7.677559971809387,7.677559971809387,7.197964342311025
Llama-3.2-3B,1,15,0.4266463443636894,7.507128715515137,7.507128715515137,7.080482371151447
Llama-3.2-3B,1,16,0.44200736097991467,7.304988771677017,7.304988771677017,6.8629814106971025
Llama-3.2-3B,1,17,0.34821808710694313,7.653958052396774,7.653958052396774,7.305739965289831
Llama-3.2-3B,1,18,0.3851315751671791,7.522818088531494,7.522818088531494,7.137686513364315
Llama-3.2-3B,1,19,0.332977969199419,7.591368138790131,7.591368138790131,7.258390169590712
Llama-3.2-3B,1,20,0.29459577798843384,7.506825864315033,7.506825864315033,7.212230086326599
Llama-3.2-3B,1,21,0.30684118531644344,7.856776118278503,7.856776118278503,7.54993493296206
Llama-3.2-3B,1,22,0.18360453471541405,7.841973125934601,7.841973125934601,7.658368591219187
Llama-3.2-3B,1,23,0.17823445796966553,8.011332750320435,8.011332750320435,7.833098292350769
Llama-3.2-3B,1,24,0.29353403486311436,8.010487109422684,8.010487109422684,7.716953074559569
Llama-3.2-3B,1,25,0.28585558757185936,8.240022480487823,8.240022480487823,7.954166892915964
Llama-3.2-3B,1,26,0.2777757067233324,8.244825571775436,8.244825571775436,7.967049865052104
Llama-3.2-3B,1,27,0.4250319991260767,8.972766041755676,8.972766041755676,8.5477340426296
Llama-3.2-3B,2,3,0.5729936342686415,0.45583550445735455,0.5729936342686415,0.11715812981128693
Llama-3.2-3B,2,4,0.41753618232905865,0.6211527157574892,0.6211527157574892,0.20361653342843056
Llama-3.2-3B,2,5,0.4948297254741192,0.7249301746487617,0.7249301746487617,0.23010044917464256
Llama-3.2-3B,2,6,0.43241312727332115,0.8818870149552822,0.8818870149552822,0.44947388768196106
Llama-3.2-3B,2,7,0.364044725894928,0.9584633409976959,0.9584633409976959,0.5944186151027679
Llama-3.2-3B,2,8,0.2809080658480525,1.0223590098321438,1.0223590098321438,0.7414509439840913
Llama-3.2-3B,2,9,0.28621582593768835,0.9903286583721638,0.9903286583721638,0.7041128324344754
Llama-3.2-3B,2,10,0.3621325436979532,1.0646875463426113,1.0646875463426113,0.7025550026446581
Llama-3.2-3B,2,11,0.3203675439581275,1.2769214659929276,1.2769214659929276,0.9565539220348
Llama-3.2-3B,2,12,0.45014719292521477,1.0494690127670765,1.0494690127670765,0.5993218198418617
Llama-3.2-3B,2,13,0.3967980593442917,1.3091757409274578,1.3091757409274578,0.9123776815831661
Llama-3.2-3B,2,14,0.458156306296587,1.3034963756799698,1.3034963756799698,0.8453400693833828
Llama-3.2-3B,2,15,0.4179206881672144,1.1060929968953133,1.1060929968953133,0.6881723087280989
Llama-3.2-3B,2,16,0.43195166625082493,1.2534562274813652,1.2534562274813652,0.8215045612305403
Llama-3.2-3B,2,17,0.3644691966474056,1.2369450330734253,1.2369450330734253,0.8724758364260197
Llama-3.2-3B,2,18,0.384006105363369,1.2653925493359566,1.2653925493359566,0.8813864439725876
Llama-3.2-3B,2,19,0.31767707131803036,1.366552248597145,1.366552248597145,1.0488751772791147
Llama-3.2-3B,2,20,0.29796886816620827,1.1813881322741508,1.1813881322741508,0.8834192641079426
Llama-3.2-3B,2,21,0.28729666210711,1.1691242009401321,1.1691242009401321,0.8818275388330221
Llama-3.2-3B,2,22,0.1895545395091176,1.489394448697567,1.489394448697567,1.2998399091884494
Llama-3.2-3B,2,23,0.18345655966550112,1.4598552286624908,1.4598552286624908,1.2763986689969897
Llama-3.2-3B,2,24,0.2927737198770046,1.5127012729644775,1.5127012729644775,1.219927553087473
Llama-3.2-3B,2,25,0.29245732072740793,2.3041362166404724,2.3041362166404724,2.0116788959130645
Llama-3.2-3B,2,26,0.28292204812169075,2.1223473846912384,2.1223473846912384,1.8394253365695477
Llama-3.2-3B,2,27,0.43823329359292984,2.482374534010887,2.482374534010887,2.0441412404179573
Llama-3.2-3B,3,4,0.44880366511642933,0.4989560469985008,0.4989560469985008,0.050152381882071495
Llama-3.2-3B,3,5,0.454218877479434,0.5648252870887518,0.5648252870887518,0.11060640960931778
Llama-3.2-3B,3,6,0.41652399115264416,0.6576339174062014,0.6576339174062014,0.2411099262535572
Llama-3.2-3B,3,7,0.33174004405736923,0.8543508388102055,0.8543508388102055,0.5226107947528362
Llama-3.2-3B,3,8,0.28896506037563086,0.8076514564454556,0.8076514564454556,0.5186863960698247
Llama-3.2-3B,3,9,0.24656375590711832,0.8341270498931408,0.8341270498931408,0.5875632939860225
Llama-3.2-3B,3,10,0.33336434327065945,0.9247941710054874,0.9247941710054874,0.591429827734828
Llama-3.2-3B,3,11,0.31980572175234556,0.8326843976974487,0.8326843976974487,0.5128786759451032
Llama-3.2-3B,3,12,0.41717651300132275,0.7891023121774197,0.7891023121774197,0.3719257991760969
Llama-3.2-3B,3,13,0.3938392773270607,0.8593460619449615,0.8593460619449615,0.46550678461790085
Llama-3.2-3B,3,14,0.46496603824198246,0.8827343061566353,0.8827343061566353,0.4177682679146528
Llama-3.2-3B,3,15,0.426007404923439,0.8067052327096462,0.8067052327096462,0.3806978277862072
Llama-3.2-3B,3,16,0.42302670516073704,0.8058414272964001,0.8058414272964001,0.38281472213566303
Llama-3.2-3B,3,17,0.36676183342933655,0.8261135034263134,0.8261135034263134,0.45935166999697685
Llama-3.2-3B,3,18,0.39209078438580036,0.830055084079504,0.830055084079504,0.43796429969370365
Llama-3.2-3B,3,19,0.32273363322019577,0.9322401620447636,0.9322401620447636,0.6095065288245678
Llama-3.2-3B,3,20,0.29063554108142853,0.7924275547266006,0.7924275547266006,0.5017920136451721
Llama-3.2-3B,3,21,0.30122072994709015,0.7750258892774582,0.7750258892774582,0.47380515933036804
Llama-3.2-3B,3,22,0.2017343994230032,0.9205282330513,0.9205282330513,0.7187938336282969
Llama-3.2-3B,3,23,0.18440675921738148,0.8618197776377201,0.8618197776377201,0.6774130184203386
Llama-3.2-3B,3,24,0.30987702310085297,1.0449016243219376,1.0449016243219376,0.7350246012210846
Llama-3.2-3B,3,25,0.30749401077628136,1.3188349679112434,1.3188349679112434,1.011340957134962
Llama-3.2-3B,3,26,0.2817277302965522,1.292072743177414,1.292072743177414,1.0103450128808618
Llama-3.2-3B,3,27,0.4411974474787712,1.2184145003557205,1.2184145003557205,0.7772170528769493
Llama-3.2-3B,4,5,0.7560953050851822,0.3822332099080086,0.7560953050851822,0.3738620951771736
Llama-3.2-3B,4,6,0.5547154471278191,0.3955688811838627,0.5547154471278191,0.15914656594395638
Llama-3.2-3B,4,7,0.42695796862244606,0.48429621011018753,0.48429621011018753,0.05733824148774147
Llama-3.2-3B,4,8,0.3752810498699546,0.5647547766566277,0.5647547766566277,0.18947372678667307
Llama-3.2-3B,4,9,0.30884801130741835,0.49587406031787395,0.49587406031787395,0.1870260490104556
Llama-3.2-3B,4,10,0.41736817359924316,0.5367273967713118,0.5367273967713118,0.1193592231720686
Llama-3.2-3B,4,11,0.33839312195777893,0.5805709138512611,0.5805709138512611,0.2421777918934822
Llama-3.2-3B,4,12,0.48792026191949844,0.4860035590827465,0.48792026191949844,0.0019167028367519379
Llama-3.2-3B,4,13,0.42216397635638714,0.541384132578969,0.541384132578969,0.11922015622258186
Llama-3.2-3B,4,14,0.48589581809937954,0.5573756042867899,0.5573756042867899,0.07147978618741035
Llama-3.2-3B,4,15,0.4332190193235874,0.5389886405318975,0.5389886405318975,0.10576962120831013
Llama-3.2-3B,4,16,0.4439381528645754,0.5353998597711325,0.5353998597711325,0.09146170690655708
Llama-3.2-3B,4,17,0.35808188654482365,0.579409658908844,0.579409658908844,0.22132777236402035
Llama-3.2-3B,4,18,0.404817882925272,0.5195293631404638,0.5195293631404638,0.11471148021519184
Llama-3.2-3B,4,19,0.3274159152060747,0.580927362665534,0.580927362665534,0.2535114474594593
Llama-3.2-3B,4,20,0.29970656614750624,0.5315474160015583,0.5315474160015583,0.23184084985405207
Llama-3.2-3B,4,21,0.2749699680134654,0.5045135989785194,0.5045135989785194,0.22954363096505404
Llama-3.2-3B,4,22,0.19640862941741943,0.5608174875378609,0.5608174875378609,0.36440885812044144
Llama-3.2-3B,4,23,0.18595670443028212,0.5838967300951481,0.5838967300951481,0.39794002566486597
Llama-3.2-3B,4,24,0.30387918278574944,0.6610661298036575,0.6610661298036575,0.3571869470179081
Llama-3.2-3B,4,25,0.3066848898306489,0.823905736207962,0.823905736207962,0.5172208463773131
Llama-3.2-3B,4,26,0.27965774945914745,0.8787273839116096,0.8787273839116096,0.5990696344524622
Llama-3.2-3B,4,27,0.44196747057139874,0.9174984805285931,0.9174984805285931,0.47553100995719433
Llama-3.2-3B,5,6,0.6271051280200481,0.5158874429762363,0.6271051280200481,0.1112176850438118
Llama-3.2-3B,5,7,0.3666594158858061,0.5160391945391893,0.5160391945391893,0.14937977865338326
Llama-3.2-3B,5,8,0.3240295024588704,0.6144006550312042,0.6144006550312042,0.2903711525723338
Llama-3.2-3B,5,9,0.2855018740519881,0.6306886859238148,0.6306886859238148,0.34518681187182665
Llama-3.2-3B,5,10,0.36422579921782017,0.6284583434462547,0.6284583434462547,0.26423254422843456
Llama-3.2-3B,5,11,0.32053941767662764,0.6276585534214973,0.6276585534214973,0.3071191357448697
Llama-3.2-3B,5,12,0.43619914911687374,0.5737068206071854,0.5737068206071854,0.13750767149031162
Llama-3.2-3B,5,13,0.41303495690226555,0.6632653176784515,0.6632653176784515,0.250230360776186
Llama-3.2-3B,5,14,0.4637024626135826,0.7389714121818542,0.7389714121818542,0.27526894956827164
Llama-3.2-3B,5,15,0.4341771826148033,0.6453237682580948,0.6453237682580948,0.21114658564329147
Llama-3.2-3B,5,16,0.41104562766849995,0.6381785571575165,0.6381785571575165,0.22713292948901653
Llama-3.2-3B,5,17,0.32636736892163754,0.6127335242927074,0.6127335242927074,0.2863661553710699
Llama-3.2-3B,5,18,0.38568582758307457,0.6241432130336761,0.6241432130336761,0.23845738545060158
Llama-3.2-3B,5,19,0.3381014000624418,0.711078617721796,0.711078617721796,0.3729772176593542
Llama-3.2-3B,5,20,0.2817509975284338,0.5807456728070974,0.5807456728070974,0.29899467527866364
Llama-3.2-3B,5,21,0.30001463927328587,0.5788856018334627,0.5788856018334627,0.27887096256017685
Llama-3.2-3B,5,22,0.20035546738654375,0.7219726890325546,0.7219726890325546,0.5216172216460109
Llama-3.2-3B,5,23,0.19384882040321827,0.6442674323916435,0.6442674323916435,0.45041861198842525
Llama-3.2-3B,5,24,0.30880039744079113,0.7106386125087738,0.7106386125087738,0.4018382150679827
Llama-3.2-3B,5,25,0.2973483884707093,0.7994026131927967,0.7994026131927967,0.5020542247220874
Llama-3.2-3B,5,26,0.2847139919176698,0.8639385066926479,0.8639385066926479,0.5792245147749782
Llama-3.2-3B,5,27,0.4278165977448225,0.9471055194735527,0.9471055194735527,0.5192889217287302
Llama-3.2-3B,6,7,0.4721642732620239,0.41466824151575565,0.4721642732620239,0.05749603174626827
Llama-3.2-3B,6,8,0.3215134646743536,0.42551989667117596,0.42551989667117596,0.10400643199682236
Llama-3.2-3B,6,9,0.2724496880546212,0.5083476100116968,0.5083476100116968,0.2358979219570756
Llama-3.2-3B,6,10,0.37978504225611687,0.4954206980764866,0.4954206980764866,0.11563565582036972
Llama-3.2-3B,6,11,0.3573911804705858,0.5676164384931326,0.5676164384931326,0.21022525802254677
Llama-3.2-3B,6,12,0.4360001441091299,0.5136444140225649,0.5136444140225649,0.07764426991343498
Llama-3.2-3B,6,13,0.4306349437683821,0.6319159716367722,0.6319159716367722,0.20128102786839008
Llama-3.2-3B,6,14,0.4645091202110052,0.6377385668456554,0.6377385668456554,0.17322944663465023
Llama-3.2-3B,6,15,0.4351541679352522,0.5858198720961809,0.5858198720961809,0.15066570416092873
Llama-3.2-3B,6,16,0.43087040074169636,0.5929955206811428,0.5929955206811428,0.16212511993944645
Llama-3.2-3B,6,17,0.3434832729399204,0.601920934394002,0.601920934394002,0.25843766145408154
Llama-3.2-3B,6,18,0.4003170859068632,0.5703129414469004,0.5703129414469004,0.16999585554003716
Llama-3.2-3B,6,19,0.3351754676550627,0.6524449400603771,0.6524449400603771,0.31726947240531445
Llama-3.2-3B,6,20,0.2910487651824951,0.5391812026500702,0.5391812026500702,0.24813243746757507
Llama-3.2-3B,6,21,0.30223399214446545,0.5712333731353283,0.5712333731353283,0.26899938099086285
Llama-3.2-3B,6,22,0.18218115158379078,0.6033728122711182,0.6033728122711182,0.4211916606873274
Llama-3.2-3B,6,23,0.17550998274236917,0.6386710479855537,0.6386710479855537,0.46316106524318457
Llama-3.2-3B,6,24,0.3080545738339424,0.6332585103809834,0.6332585103809834,0.32520393654704094
Llama-3.2-3B,6,25,0.30389973893761635,0.6733662709593773,0.6733662709593773,0.36946653202176094
Llama-3.2-3B,6,26,0.28873942233622074,0.8351579047739506,0.8351579047739506,0.5464184824377298
Llama-3.2-3B,6,27,0.4259090721607208,0.9349267892539501,0.9349267892539501,0.5090177170932293
Llama-3.2-3B,7,8,0.40908883698284626,0.33175116777420044,0.40908883698284626,0.07733766920864582
Llama-3.2-3B,7,9,0.26180646382272243,0.35205895639956,0.35205895639956,0.09025249257683754
Llama-3.2-3B,7,10,0.3700604010373354,0.39090246334671974,0.39090246334671974,0.020842062309384346
Llama-3.2-3B,7,11,0.3456800188869238,0.47642001137137413,0.47642001137137413,0.13073999248445034
Llama-3.2-3B,7,12,0.45840383134782314,0.40785015374422073,0.45840383134782314,0.05055367760360241
Llama-3.2-3B,7,13,0.4504436831921339,0.5778925847262144,0.5778925847262144,0.1274489015340805
Llama-3.2-3B,7,14,0.4850758630782366,0.5746894907206297,0.5746894907206297,0.08961362764239311
Llama-3.2-3B,7,15,0.4717653151601553,0.5262594409286976,0.5262594409286976,0.05449412576854229
Llama-3.2-3B,7,16,0.44982549361884594,0.47141646035015583,0.47141646035015583,0.02159096673130989
Llama-3.2-3B,7,17,0.35838289372622967,0.4961926303803921,0.4961926303803921,0.1378097366541624
Llama-3.2-3B,7,18,0.39764857292175293,0.47763109020888805,0.47763109020888805,0.07998251728713512
Llama-3.2-3B,7,19,0.3293682523071766,0.5617694426327944,0.5617694426327944,0.2324011903256178
Llama-3.2-3B,7,20,0.3151282649487257,0.41276497207581997,0.41276497207581997,0.09763670712709427
Llama-3.2-3B,7,21,0.31102616153657436,0.45604510232806206,0.45604510232806206,0.1450189407914877
Llama-3.2-3B,7,22,0.18840761575847864,0.5219838935881853,0.5219838935881853,0.33357627782970667
Llama-3.2-3B,7,23,0.18784087523818016,0.48183233849704266,0.48183233849704266,0.2939914632588625
Llama-3.2-3B,7,24,0.3174018580466509,0.5534047298133373,0.5534047298133373,0.23600287176668644
Llama-3.2-3B,7,25,0.31017670687288046,0.5192711278796196,0.5192711278796196,0.20909442100673914
Llama-3.2-3B,7,26,0.27597235050052404,0.6775515303015709,0.6775515303015709,0.40157917980104685
Llama-3.2-3B,7,27,0.44110308215022087,0.6419818606227636,0.6419818606227636,0.20087877847254276
Llama-3.2-3B,8,9,0.3451263392344117,0.3236417816951871,0.3451263392344117,0.021484557539224625
Llama-3.2-3B,8,10,0.4095198642462492,0.2859678417444229,0.4095198642462492,0.12355202250182629
Llama-3.2-3B,8,11,0.3884211275726557,0.3267465718090534,0.3884211275726557,0.06167455576360226
Llama-3.2-3B,8,12,0.540204418823123,0.31053381599485874,0.540204418823123,0.22967060282826424
Llama-3.2-3B,8,13,0.43928045965731144,0.397960115224123,0.43928045965731144,0.04132034443318844
Llama-3.2-3B,8,14,0.49393927678465843,0.4012139607220888,0.49393927678465843,0.09272531606256962
Llama-3.2-3B,8,15,0.4784011896699667,0.373211151920259,0.4784011896699667,0.1051900377497077
Llama-3.2-3B,8,16,0.4572337232530117,0.3772546947002411,0.4572337232530117,0.07997902855277061
Llama-3.2-3B,8,17,0.3374847527593374,0.377955786883831,0.377955786883831,0.0404710341244936
Llama-3.2-3B,8,18,0.3732595704495907,0.3868101332336664,0.3868101332336664,0.013550562784075737
Llama-3.2-3B,8,19,0.3211138043552637,0.4268950093537569,0.4268950093537569,0.1057812049984932
Llama-3.2-3B,8,20,0.3011244498193264,0.3621183093637228,0.3621183093637228,0.0609938595443964
Llama-3.2-3B,8,21,0.3071730509400368,0.3573677223175764,0.3573677223175764,0.050194671377539635
Llama-3.2-3B,8,22,0.2036926355212927,0.38776696287095547,0.38776696287095547,0.18407432734966278
Llama-3.2-3B,8,23,0.1841763611882925,0.38478424958884716,0.38478424958884716,0.20060788840055466
Llama-3.2-3B,8,24,0.3070439212024212,0.4251547399908304,0.4251547399908304,0.11811081878840923
Llama-3.2-3B,8,25,0.3132793912664056,0.42664291337132454,0.42664291337132454,0.11336352210491896
Llama-3.2-3B,8,26,0.28036479000002146,0.5464039817452431,0.5464039817452431,0.2660391917452216
Llama-3.2-3B,8,27,0.4329767432063818,0.6105184070765972,0.6105184070765972,0.17754166387021542
Llama-3.2-3B,9,10,0.46438696049153805,0.24906505923718214,0.46438696049153805,0.2153219012543559
Llama-3.2-3B,9,11,0.4031106624752283,0.2758821453899145,0.4031106624752283,0.1272285170853138
Llama-3.2-3B,9,12,0.567306712269783,0.2990586617961526,0.567306712269783,0.26824805047363043
Llama-3.2-3B,9,13,0.4306556470692158,0.3500469569116831,0.4306556470692158,0.08060869015753269
Llama-3.2-3B,9,14,0.5489296037703753,0.3511016219854355,0.5489296037703753,0.19782798178493977
Llama-3.2-3B,9,15,0.5441966820508242,0.3362089805305004,0.5441966820508242,0.20798770152032375
Llama-3.2-3B,9,16,0.5079882219433784,0.3416054490953684,0.5079882219433784,0.16638277284801006
Llama-3.2-3B,9,17,0.3658303376287222,0.35257033351808786,0.3658303376287222,0.013260004110634327
Llama-3.2-3B,9,18,0.43803245946764946,0.3544344361871481,0.43803245946764946,0.08359802328050137
Llama-3.2-3B,9,19,0.31792211905121803,0.38307821191847324,0.38307821191847324,0.06515609286725521
Llama-3.2-3B,9,20,0.31078530848026276,0.3283721078187227,0.3283721078187227,0.01758679933845997
Llama-3.2-3B,9,21,0.3091293778270483,0.3383630933240056,0.3383630933240056,0.029233715496957302
Llama-3.2-3B,9,22,0.19559061527252197,0.32722722087055445,0.32722722087055445,0.13163660559803247
Llama-3.2-3B,9,23,0.1843085205182433,0.3764288406819105,0.3764288406819105,0.1921203201636672
Llama-3.2-3B,9,24,0.3058784194290638,0.4075217954814434,0.4075217954814434,0.10164337605237961
Llama-3.2-3B,9,25,0.3107442744076252,0.38651209883391857,0.38651209883391857,0.07576782442629337
Llama-3.2-3B,9,26,0.2914870800450444,0.5286844596266747,0.5286844596266747,0.23719737958163023
Llama-3.2-3B,9,27,0.4383174851536751,0.5902724787592888,0.5902724787592888,0.1519549936056137
Llama-3.2-3B,10,11,0.4296064879745245,0.36933936551213264,0.4296064879745245,0.06026712246239185
Llama-3.2-3B,10,12,0.49942917935550213,0.36410667188465595,0.49942917935550213,0.13532250747084618
Llama-3.2-3B,10,13,0.4607621878385544,0.43404250033199787,0.4607621878385544,0.02671968750655651
Llama-3.2-3B,10,14,0.5238076560199261,0.4609924238175154,0.5238076560199261,0.0628152322024107
Llama-3.2-3B,10,15,0.5325685013085604,0.4219640903174877,0.5325685013085604,0.11060441099107265
Llama-3.2-3B,10,16,0.5205861181020737,0.422971585765481,0.5205861181020737,0.09761453233659267
Llama-3.2-3B,10,17,0.40085638500750065,0.4360320772975683,0.4360320772975683,0.03517569229006767
Llama-3.2-3B,10,18,0.4471422918140888,0.41958921775221825,0.4471422918140888,0.027553074061870575
Llama-3.2-3B,10,19,0.3485202696174383,0.4822783786803484,0.4822783786803484,0.13375810906291008
Llama-3.2-3B,10,20,0.3355745170265436,0.4293587747961283,0.4293587747961283,0.09378425776958466
Llama-3.2-3B,10,21,0.2971998658031225,0.4302733317017555,0.4302733317017555,0.133073465898633
Llama-3.2-3B,10,22,0.19117897003889084,0.4319888986647129,0.4319888986647129,0.24080992862582207
Llama-3.2-3B,10,23,0.1816699644550681,0.45009100437164307,0.45009100437164307,0.26842103991657495
Llama-3.2-3B,10,24,0.30830536410212517,0.5072508305311203,0.5072508305311203,0.19894546642899513
Llama-3.2-3B,10,25,0.29727642238140106,0.47025028616189957,0.47025028616189957,0.1729738637804985
Llama-3.2-3B,10,26,0.272822673432529,0.6564625017344952,0.6564625017344952,0.3836398283019662
Llama-3.2-3B,10,27,0.4266716782003641,0.6756803281605244,0.6756803281605244,0.24900864996016026
Llama-3.2-3B,11,12,0.5165431406348944,0.3684392999857664,0.5165431406348944,0.14810384064912796
Llama-3.2-3B,11,13,0.44080572202801704,0.36626752838492393,0.44080572202801704,0.07453819364309311
Llama-3.2-3B,11,14,0.5070825275033712,0.3689073286950588,0.5070825275033712,0.13817519880831242
Llama-3.2-3B,11,15,0.504743779078126,0.3651749463751912,0.504743779078126,0.13956883270293474
Llama-3.2-3B,11,16,0.5165369641035795,0.37511956691741943,0.5165369641035795,0.1414173971861601
Llama-3.2-3B,11,17,0.3972963020205498,0.39084140956401825,0.3972963020205498,0.006454892456531525
Llama-3.2-3B,11,18,0.44069099985063076,0.3641026094555855,0.44069099985063076,0.07658839039504528
Llama-3.2-3B,11,19,0.3303982261568308,0.4251089319586754,0.4251089319586754,0.0947107058018446
Llama-3.2-3B,11,20,0.32906128838658333,0.38707438111305237,0.38707438111305237,0.05801309272646904
Llama-3.2-3B,11,21,0.3433335963636637,0.40830390714108944,0.40830390714108944,0.06497031077742577
Llama-3.2-3B,11,22,0.1999563267454505,0.43763850070536137,0.43763850070536137,0.23768217395991087
Llama-3.2-3B,11,23,0.18458391726016998,0.44658784568309784,0.44658784568309784,0.26200392842292786
Llama-3.2-3B,11,24,0.3135035093873739,0.5288458541035652,0.5288458541035652,0.2153423447161913
Llama-3.2-3B,11,25,0.3195767533034086,0.45106667652726173,0.45106667652726173,0.1314899232238531
Llama-3.2-3B,11,26,0.27431883476674557,0.6442306861281395,0.6442306861281395,0.36991185136139393
Llama-3.2-3B,11,27,0.4201427176594734,0.6402021311223507,0.6402021311223507,0.22005941346287727
Llama-3.2-3B,12,13,0.6053018178790808,0.5023979246616364,0.6053018178790808,0.10290389321744442
Llama-3.2-3B,12,14,0.5540997739881277,0.4348597712814808,0.5540997739881277,0.11924000270664692
Llama-3.2-3B,12,15,0.517290385439992,0.41084702499210835,0.517290385439992,0.1064433604478836
Llama-3.2-3B,12,16,0.5434228871017694,0.4472708757966757,0.5434228871017694,0.09615201130509377
Llama-3.2-3B,12,17,0.4391315747052431,0.5362268518656492,0.5362268518656492,0.09709527716040611
Llama-3.2-3B,12,18,0.5080930348485708,0.5078721102327108,0.5080930348485708,0.00022092461585998535
Llama-3.2-3B,12,19,0.42579667642712593,0.6307401321828365,0.6307401321828365,0.2049434557557106
Llama-3.2-3B,12,20,0.3240213505923748,0.4586162753403187,0.4586162753403187,0.13459492474794388
Llama-3.2-3B,12,21,0.3346233367919922,0.5079739391803741,0.5079739391803741,0.17335060238838196
Llama-3.2-3B,12,22,0.21789847873151302,0.5893243607133627,0.5893243607133627,0.37142588198184967
Llama-3.2-3B,12,23,0.20665286388248205,0.6387896127998829,0.6387896127998829,0.43213674891740084
Llama-3.2-3B,12,24,0.32899955846369267,0.6511530242860317,0.6511530242860317,0.32215346582233906
Llama-3.2-3B,12,25,0.3211020305752754,0.5949373319745064,0.5949373319745064,0.27383530139923096
Llama-3.2-3B,12,26,0.268400177359581,0.9409821853041649,0.9409821853041649,0.6725820079445839
Llama-3.2-3B,12,27,0.42718557082116604,0.9041507132351398,0.9041507132351398,0.4769651424139738
Llama-3.2-3B,13,14,0.5349153038114309,0.4362355191260576,0.5349153038114309,0.0986797846853733
Llama-3.2-3B,13,15,0.541484460234642,0.46866834722459316,0.541484460234642,0.07281611301004887
Llama-3.2-3B,13,16,0.5434032492339611,0.41260513849556446,0.5434032492339611,0.13079811073839664
Llama-3.2-3B,13,17,0.4269369523972273,0.4318731836974621,0.4318731836974621,0.004936231300234795
Llama-3.2-3B,13,18,0.4912794101983309,0.430031755939126,0.4912794101983309,0.061247654259204865
Llama-3.2-3B,13,19,0.4152962863445282,0.4615200664848089,0.4615200664848089,0.046223780140280724
Llama-3.2-3B,13,20,0.36963050439953804,0.4278782047331333,0.4278782047331333,0.058247700333595276
Llama-3.2-3B,13,21,0.36048623733222485,0.4645996727049351,0.4645996727049351,0.10411343537271023
Llama-3.2-3B,13,22,0.2285197712481022,0.46505323611199856,0.46505323611199856,0.23653346486389637
Llama-3.2-3B,13,23,0.2007918180897832,0.4934683945029974,0.4934683945029974,0.2926765764132142
Llama-3.2-3B,13,24,0.3193931560963392,0.5859928838908672,0.5859928838908672,0.266599727794528
Llama-3.2-3B,13,25,0.29171209689229727,0.5043738335371017,0.5043738335371017,0.21266173664480448
Llama-3.2-3B,13,26,0.28380240965634584,0.7542882077395916,0.7542882077395916,0.47048579808324575
Llama-3.2-3B,13,27,0.4316296763718128,0.9304285123944283,0.9304285123944283,0.49879883602261543
Llama-3.2-3B,14,15,0.5475242175161839,0.5284681841731071,0.5475242175161839,0.019056033343076706
Llama-3.2-3B,14,16,0.5099151823669672,0.46517349407076836,0.5099151823669672,0.044741688296198845
Llama-3.2-3B,14,17,0.4658373147249222,0.4909195024520159,0.4909195024520159,0.025082187727093697
Llama-3.2-3B,14,18,0.479452820494771,0.4813281260430813,0.4813281260430813,0.0018753055483102798
Llama-3.2-3B,14,19,0.4097271282225847,0.5159028563648462,0.5159028563648462,0.1061757281422615
Llama-3.2-3B,14,20,0.37462316639721394,0.47892795503139496,0.47892795503139496,0.10430478863418102
Llama-3.2-3B,14,21,0.4002390690147877,0.5379880648106337,0.5379880648106337,0.13774899579584599
Llama-3.2-3B,14,22,0.2393236681818962,0.5196078382432461,0.5196078382432461,0.28028417006134987
Llama-3.2-3B,14,23,0.20740866381675005,0.5422512665390968,0.5422512665390968,0.3348426027223468
Llama-3.2-3B,14,24,0.34383880719542503,0.6113722249865532,0.6113722249865532,0.26753341779112816
Llama-3.2-3B,14,25,0.3177421875298023,0.5690419599413872,0.5690419599413872,0.25129977241158485
Llama-3.2-3B,14,26,0.3208296475932002,0.7247755117714405,0.7247755117714405,0.4039458641782403
Llama-3.2-3B,14,27,0.4481885228306055,0.9374014288187027,0.9374014288187027,0.4892129059880972
Llama-3.2-3B,15,16,0.5697655491530895,0.5335743743926287,0.5697655491530895,0.036191174760460854
Llama-3.2-3B,15,17,0.4286785591393709,0.5255810506641865,0.5255810506641865,0.09690249152481556
Llama-3.2-3B,15,18,0.5048574730753899,0.4895027857273817,0.5048574730753899,0.015354687348008156
Llama-3.2-3B,15,19,0.40587542951107025,0.5299798995256424,0.5299798995256424,0.12410447001457214
Llama-3.2-3B,15,20,0.36336730420589447,0.43245677649974823,0.43245677649974823,0.06908947229385376
Llama-3.2-3B,15,21,0.3936934843659401,0.46950533986091614,0.46950533986091614,0.07581185549497604
Llama-3.2-3B,15,22,0.2521569039672613,0.5070767141878605,0.5070767141878605,0.2549198102205992
Llama-3.2-3B,15,23,0.21869165543466806,0.5268841367214918,0.5268841367214918,0.30819248128682375
Llama-3.2-3B,15,24,0.35118852742016315,0.5894521083682775,0.5894521083682775,0.2382635809481144
Llama-3.2-3B,15,25,0.33364143781363964,0.5122120790183544,0.5122120790183544,0.17857064120471478
Llama-3.2-3B,15,26,0.3250743243843317,0.6260254271328449,0.6260254271328449,0.3009511027485132
Llama-3.2-3B,15,27,0.4530281964689493,0.8317468129098415,0.8317468129098415,0.3787186164408922
Llama-3.2-3B,16,17,0.4701670687645674,0.6421355288475752,0.6421355288475752,0.1719684600830078
Llama-3.2-3B,16,18,0.4187842234969139,0.4473071061074734,0.4473071061074734,0.028522882610559464
Llama-3.2-3B,16,19,0.38104954548180103,0.5102350916713476,0.5102350916713476,0.12918554618954659
Llama-3.2-3B,16,20,0.32941032759845257,0.44781808368861675,0.44781808368861675,0.11840775609016418
Llama-3.2-3B,16,21,0.33811670914292336,0.43599841371178627,0.43599841371178627,0.09788170456886292
Llama-3.2-3B,16,22,0.23125145863741636,0.5056374501436949,0.5056374501436949,0.2743859915062785
Llama-3.2-3B,16,23,0.22651506587862968,0.5093333460390568,0.5093333460390568,0.2828182801604271
Llama-3.2-3B,16,24,0.31838628463447094,0.5182234793901443,0.5182234793901443,0.1998371947556734
Llama-3.2-3B,16,25,0.33692721650004387,0.46713059954345226,0.46713059954345226,0.1302033830434084
Llama-3.2-3B,16,26,0.34762619249522686,0.5574631281197071,0.5574631281197071,0.20983693562448025
Llama-3.2-3B,16,27,0.47628592140972614,0.7459307499229908,0.7459307499229908,0.26964482851326466
Llama-3.2-3B,17,18,0.5702897645533085,0.5193697083741426,0.5702897645533085,0.05092005617916584
Llama-3.2-3B,17,19,0.4491551127284765,0.4174793642014265,0.4491551127284765,0.03167574852705002
Llama-3.2-3B,17,20,0.39526052586734295,0.40676473267376423,0.40676473267376423,0.01150420680642128
Llama-3.2-3B,17,21,0.3743967153131962,0.3833026271313429,0.3833026271313429,0.008905911818146706
Llama-3.2-3B,17,22,0.25209276657551527,0.36050745099782944,0.36050745099782944,0.10841468442231417
Llama-3.2-3B,17,23,0.24459131713956594,0.4010135307908058,0.4010135307908058,0.15642221365123987
Llama-3.2-3B,17,24,0.3374297097325325,0.4369913972914219,0.4369913972914219,0.09956168755888939
Llama-3.2-3B,17,25,0.33652313705533743,0.40753304958343506,0.40753304958343506,0.07100991252809763
Llama-3.2-3B,17,26,0.40035940520465374,0.40821544267237186,0.40821544267237186,0.007856037467718124
Llama-3.2-3B,17,27,0.49634131230413914,0.6681293733417988,0.6681293733417988,0.17178806103765965
Llama-3.2-3B,18,19,0.4855950456112623,0.4817076586186886,0.4855950456112623,0.003887386992573738
Llama-3.2-3B,18,20,0.40214407071471214,0.44237136095762253,0.44237136095762253,0.040227290242910385
Llama-3.2-3B,18,21,0.41130258701741695,0.4241030924022198,0.4241030924022198,0.012800505384802818
Llama-3.2-3B,18,22,0.2861986327916384,0.4583575278520584,0.4583575278520584,0.17215889506042004
Llama-3.2-3B,18,23,0.25507624354213476,0.4761735387146473,0.4761735387146473,0.22109729517251253
Llama-3.2-3B,18,24,0.3652467280626297,0.5048585627228022,0.5048585627228022,0.13961183466017246
Llama-3.2-3B,18,25,0.4294055253267288,0.47966499626636505,0.47966499626636505,0.05025947093963623
Llama-3.2-3B,18,26,0.3966562245041132,0.5136566981673241,0.5136566981673241,0.11700047366321087
Llama-3.2-3B,18,27,0.5556311793625355,0.7867895625531673,0.7867895625531673,0.23115838319063187
Llama-3.2-3B,19,20,0.39580570720136166,0.41221319139003754,0.41221319139003754,0.01640748418867588
Llama-3.2-3B,19,21,0.38972167298197746,0.4017530996352434,0.4017530996352434,0.012031426653265953
Llama-3.2-3B,19,22,0.26609890162944794,0.3752640765160322,0.3752640765160322,0.10916517488658428
Llama-3.2-3B,19,23,0.25968152191489935,0.404019370675087,0.404019370675087,0.14433784876018763
Llama-3.2-3B,19,24,0.3909073658287525,0.46222844906151295,0.46222844906151295,0.07132108323276043
Llama-3.2-3B,19,25,0.43283502012491226,0.4504140969365835,0.4504140969365835,0.017579076811671257
Llama-3.2-3B,19,26,0.45805859565734863,0.5457627139985561,0.5457627139985561,0.0877041183412075
Llama-3.2-3B,19,27,0.5701014064252377,0.8138050995767117,0.8138050995767117,0.243703693151474
Llama-3.2-3B,20,21,0.3463610028848052,0.34620935656130314,0.3463610028848052,0.00015164632350206375
Llama-3.2-3B,20,22,0.29205926321446896,0.36586557514965534,0.36586557514965534,0.07380631193518639
Llama-3.2-3B,20,23,0.2751803770661354,0.40174354799091816,0.40174354799091816,0.12656317092478275
Llama-3.2-3B,20,24,0.3886079713702202,0.4131166934967041,0.4131166934967041,0.024508722126483917
Llama-3.2-3B,20,25,0.44250342063605785,0.44643498957157135,0.44643498957157135,0.003931568935513496
Llama-3.2-3B,20,26,0.4384627379477024,0.6516937874257565,0.6516937874257565,0.21323104947805405
Llama-3.2-3B,20,27,0.567883588373661,0.9332441464066505,0.9332441464066505,0.3653605580329895
Llama-3.2-3B,21,22,0.2917456356808543,0.348140362650156,0.348140362650156,0.0563947269693017
Llama-3.2-3B,21,23,0.2592953937128186,0.3923247791826725,0.3923247791826725,0.13302938546985388
Llama-3.2-3B,21,24,0.3931125458329916,0.34973226487636566,0.3931125458329916,0.04338028095662594
Llama-3.2-3B,21,25,0.3882874809205532,0.4037868231534958,0.4037868231534958,0.015499342232942581
Llama-3.2-3B,21,26,0.4189446233212948,0.5960415340960026,0.5960415340960026,0.1770969107747078
Llama-3.2-3B,21,27,0.5423165895044804,0.934579748660326,0.934579748660326,0.39226315915584564
Llama-3.2-3B,22,23,0.2751345420256257,0.2475867671892047,0.2751345420256257,0.027547774836421013
Llama-3.2-3B,22,24,0.36310923658311367,0.2599639594554901,0.36310923658311367,0.10314527712762356
Llama-3.2-3B,22,25,0.3792779166251421,0.30442669335752726,0.3792779166251421,0.07485122326761484
Llama-3.2-3B,22,26,0.3927880022674799,0.46447776444256306,0.46447776444256306,0.07168976217508316
Llama-3.2-3B,22,27,0.5596307776868343,0.9929710291326046,0.9929710291326046,0.43334025144577026
Llama-3.2-3B,23,24,0.3584675192832947,0.24469322245568037,0.3584675192832947,0.11377429682761431
Llama-3.2-3B,23,25,0.3728680917993188,0.2925562597811222,0.3728680917993188,0.08031183201819658
Llama-3.2-3B,23,26,0.40081935934722424,0.5918958075344563,0.5918958075344563,0.19107644818723202
Llama-3.2-3B,23,27,0.5181684996932745,1.2043454721570015,1.2043454721570015,0.686176972463727
Llama-3.2-3B,24,25,0.35936868004500866,0.41013628244400024,0.41013628244400024,0.050767602398991585
Llama-3.2-3B,24,26,0.48929244838654995,0.6695501133799553,0.6695501133799553,0.18025766499340534
Llama-3.2-3B,24,27,0.7230325825512409,1.6379031762480736,1.6379031762480736,0.9148705936968327
Llama-3.2-3B,25,26,0.35139366053044796,0.3388184066861868,0.35139366053044796,0.01257525384426117
Llama-3.2-3B,25,27,0.6502687372267246,4.627273693680763,4.627273693680763,3.9770049564540386
Llama-3.2-3B,26,27,0.7773672118782997,6.709863662719727,6.709863662719727,5.932496450841427
